smiles,QED,Rings,AromaticRings,FractionCSP3,Lipinski_pass,Ro5_viol,MW,LogP,HBD,HBA,Veber_pass,Veber_viol,RotBonds,TPSA,TL_Oral,TL_QED,TL_BBB,TL_LogP,pred_pchembl_rf,pred_pchembl_gcn,sa_score,has_route,vina_score,pred_disagree,activity,sa_norm,dock_norm,consistency,total_score
CSC(=O)c1cccc(COc2cc(F)ccc2C)c1,0.8431732762213423,2,2,0.1875,True,,290.359,4.216320000000003,0,3,True,,4,26.3,green,green,green,green,6.526039992809296,6.547646522521973,2.115750685501327,False,-8.574,0.021606529712676625,0.421006665468216,0.8760277016109637,0.57175,0.9891967351436617,0.748143587823269
Cc1cccc(Nc2ccccc2Cl)c1,0.7867922693507053,2,2,0.0769230769230769,True,,217.699,4.392020000000002,1,1,True,,2,12.03,green,green,green,green,6.496428990856807,6.538763999938965,1.4511789148683167,False,-8.117,0.042335009082157704,0.4160714984761345,0.9498690094590759,0.5146250000000001,0.9788324954589211,0.7413982437165104
CCNC(=O)c1cccc(Cc2ccccn2)c1,0.8913878786006708,2,2,0.2,True,,240.306,2.4221000000000004,1,2,True,,4,41.99,green,green,green,green,6.550555007616679,6.050986289978027,1.7701447159327408,True,-8.701,0.4995687176386516,0.4250925012694465,0.9144283648963621,0.5876250000000001,0.7502156411806742,0.7371486573052486
Cc1ccc(F)cc1CC=Cc1ccccc1Cl,0.7249599621819682,2,2,0.125,True,LogP>5,260.73900000000003,5.043420000000003,0,0,True,,3,0.0,green,green,green,yellow,6.635159990310669,6.9643402099609375,2.089523118299608,False,-9.591,0.32918021965026867,0.4391933317184448,0.878941875744488,0.6988749999999999,0.8354098901748657,0.718956859351533
CC(=O)Nc1cccnc1NC=CNc1cc(F)ccc1C,0.7906295107231902,2,2,0.125,True,,300.33700000000005,3.4827200000000014,3,4,True,,5,66.05,green,green,green,green,6.723476661841075,6.9263834953308105,2.5989590891966827,True,-8.653,0.20290683348973548,0.4539127769735125,0.8223378789781464,0.5816250000000001,0.8985465832551323,0.7160501403083066
COc1cccc(C(=O)c2ccccc2Cl)c1,0.7741190709798438,2,2,0.0714285714285714,True,,246.693,3.579600000000003,0,2,True,,3,26.3,green,green,green,green,6.104995670779545,6.369919776916504,1.4805377356867115,False,-8.403,0.2649241061369585,0.3508326117965909,0.946606918257032,0.5503750000000001,0.8675379469315208,0.7130349617082652
CC(=O)CCCCC(=O)Nc1cc(F)ccc1Cl,0.8042091432780721,1,1,0.3846153846153846,True,,271.719,3.567000000000002,1,2,True,,6,46.17,green,green,green,green,6.5146509905099865,6.8281450271606445,1.7841749236371278,True,-7.611,0.313494036650658,0.4191084984183311,0.9128694529292081,0.45137499999999997,0.843252981674671,0.7072855459866868
Cc1cccc(-c2ccc(F)cc2F)c1,0.6595795710391157,2,2,0.0769230769230769,True,,204.219,3.940220000000002,0,0,True,,1,0.0,green,green,green,green,6.951080021381379,7.334006309509277,1.535289162759959,True,-8.638,0.38292628812789875,0.49184667023022977,0.9405234263600045,0.57975,0.8085368559360506,0.7066381117862336
CC=c1cccc(C)c1=CC=Cc1cccncncc(C(=O)NCNC(C)=O)c1,0.7498585336821426,2,2,0.1666666666666666,True,,402.49800000000016,2.02712,2,4,True,,5,83.97999999999999,green,green,green,green,6.906479986667633,6.5205488204956055,3.58447484121411,True,-10.05,0.3859311661720275,0.48441333111127216,0.7128361287539877,0.7562500000000001,0.8070344169139863,0.697048994368385
NC(=O)SC=CC=C(F)CNC(=O)Nc1ccc(F)cc1F,0.7241163169036071,1,1,0.0769230769230769,True,,331.319,3.2653000000000008,3,3,True,,5,84.22,green,green,green,green,6.929347747034497,6.837180614471436,3.22899951103291,True,-8.558,0.09216713256306086,0.48822462450574955,0.75233338766301,0.56975,0.9539164337184696,0.6953073161005745
O=C(NCC1=CC(=CC=CF)NC=C1)c1ccccc1,0.8829822858907719,2,1,0.0625,True,,270.307,2.8268000000000013,2,2,True,,4,41.13,green,green,green,green,6.421090006351471,7.03603982925415,3.1313173869033744,True,-9.155,0.6149498229026795,0.40351500105857846,0.7631869570107361,0.6443749999999999,0.6925250885486602,0.6927803242193917
CC=CC1=C(C(=O)Nc2ccccc2Cc2ccccc2)CC=N1,0.8654183172837935,3,2,0.1428571428571428,True,,316.40400000000005,4.520600000000004,1,2,True,,5,41.46,green,green,green,green,6.193506666819254,6.868497848510742,2.7033684083856238,True,-9.292,0.674991181691488,0.3655844444698757,0.8107368435127085,0.6615,0.662504409154256,0.690756340466239
CNC(=O)Nc1cc2ccc1C(=Cc1ccccc1CN)OCC2,0.8125711711789287,4,2,0.2105263157894736,True,,323.3960000000002,2.9674000000000005,3,3,True,,3,76.38000000000001,green,green,green,green,6.989435327593485,7.052039623260498,3.55418129714701,True,-7.251,0.06260429566701298,0.49823922126558084,0.7162020780947767,0.40637500000000004,0.9686978521664935,0.6881020843965165
CNC(=O)c1ccccc1C1OCCNC1c1ccccc1Cl,0.9088822242751152,3,2,0.2777777777777778,True,,330.81499999999994,3.1018000000000017,2,3,True,,3,50.36,green,green,green,green,6.378559992790223,6.797986030578613,3.146806265522738,True,-7.662,0.4194260377883907,0.3964266654650371,0.7614659704974736,0.45775,0.7902869811058046,0.6840779289520253
CC(=O)Nc1cccc(C(=O)c2c(F)cccc2Cl)c1,0.8771474944023171,2,2,0.0666666666666666,True,,291.70899999999995,3.6685000000000025,1,2,True,,3,46.17,green,green,green,green,6.030646995019913,6.998878479003906,1.8088637674194088,True,-8.871,0.9682314839839936,0.3384411658366521,0.9101262480645101,0.608875,0.5158842580080032,0.6832205574852377
CC=CC=C1OC=CC=C1NC(=O)Nc1ccc(F)cc1F,0.8873116592452853,2,1,0.0625,True,,304.29600000000005,3.974100000000002,2,2,True,,3,50.36,green,green,green,green,6.66335666179657,7.729133605957031,3.159259337335639,True,-9.872,1.0657769441604614,0.44389277696609497,0.7600822958515957,0.734,0.4671115279197693,0.6807937733554047
CCC=CC=CCOc1ccc(F)cc1CNC,0.7473007025223934,1,1,0.3333333333333333,True,,249.329,3.4463000000000017,1,2,True,,7,21.26,green,green,green,green,6.476809328301748,6.603582859039307,2.5596027563086565,True,-7.409,0.12677353073755881,0.41280155471695795,0.8267108048545937,0.426125,0.9366132346312206,0.6804739229823215
COCNC(=O)c1ccc(F)cc1Cl,0.7846833146769737,1,1,0.2222222222222222,True,,217.627,1.8128,1,2,True,,3,38.33,green,green,green,green,6.600993304252625,7.036826133728027,1.9884388852872803,True,-7.042,0.4358328294754026,0.4334988840421041,0.8901734571903022,0.38025,0.7820835852622987,0.6797640075645845
NCCC(=O)NCCC1=C(c2ccc(F)cc2)C=CCC1,0.8454174205275624,2,1,0.3529411764705882,True,,288.3660000000001,2.784400000000001,2,2,True,,6,55.120000000000005,green,green,green,green,6.265444989283879,7.021806240081787,2.6664366973552465,True,-8.999,0.7563612507979078,0.37757416488064655,0.8148403669605282,0.6248750000000001,0.6218193746010461,0.677583436038309
O=C(NC1N=CC=CC2OCC=C2N1)c1ccccn1,0.8252374205695094,3,1,0.2142857142857142,True,,270.292,0.6078999999999997,2,5,True,,2,75.61,green,green,green,green,7.160560342168808,7.0487871170043945,4.255477689149302,True,-7.449,0.11177322516441368,0.5267600570281347,0.6382802567611887,0.431125,0.9441133874177932,0.6775171888509705
CCNC(=O)c1ccccc1Cl,0.7476901670554312,1,1,0.2222222222222222,True,,183.638,2.0897,1,1,True,,2,29.1,green,green,green,green,6.334209991455079,6.70128870010376,1.40535834462462,True,-6.748,0.3670787086486804,0.38903499857584656,0.9549601839305978,0.3435,0.8164606456756598,0.6774636843130256
COC=CC=CC=CCNC(=O)c1ccc(F)cc1F,0.6419508636169263,1,1,0.1333333333333333,True,,279.286,2.967100000000001,1,2,True,,6,38.33,green,green,green,green,6.725526638189951,6.860193252563477,2.7762369492375925,True,-8.508,0.13466661437352556,0.4542544396983252,0.8026403389736009,0.5634999999999999,0.9326666928132372,0.6764236925092824
C=CC(N)=CC=Cc1nccc(=O)n1CCC,0.7844161132981838,1,1,0.2307692307692307,True,,231.29899999999995,1.6951,1,4,True,,5,60.91,green,green,green,green,6.833694143851599,6.57325553894043,3.4296606898601967,False,-7.431,0.2604386049111689,0.47228235730859974,0.7300377011266448,0.428875,0.8697806975444156,0.6678682796995894
Cc1ccc(C=C(F)c2ccccc2Nc2ccc(F)cc2)cn1,0.6622420968434491,3,3,0.05,True,LogP>5,322.35800000000006,5.740320000000003,1,2,True,,4,24.92,green,green,green,yellow,5.919528351306916,6.516932487487793,2.3102856467993824,False,-10.16,0.5974041361808773,0.31992139188448593,0.8544127059111797,0.77,0.7012979319095614,0.6638426688519885
O=C(Nc1ccc(F)cc1F)NC1C=CN=CC=CC1,0.8574803824781183,2,1,0.1428571428571428,True,,277.27400000000006,2.9993000000000016,2,2,True,,2,53.49,green,green,green,green,6.90495332066218,7.528891563415527,3.3827281780516865,True,-7.49,0.6239382427533471,0.48415888677703006,0.7352524246609238,0.43625,0.6880308786233265,0.6636571109336655
CCNC(=O)c1ccc(F)cc1F,0.746236966657144,1,1,0.2222222222222222,True,,185.17299999999997,1.7145,1,1,True,,2,29.1,green,green,green,green,6.613453306516011,7.2608160972595215,1.6357487609978367,True,-6.902,0.6473627907435109,0.43557555108600177,0.9293612487780182,0.36275,0.6763186046282446,0.6618749547702276
COCc1ccc(F)cc1F,0.640070645567163,1,1,0.25,True,,158.14699999999996,2.1112,0,1,True,,2,9.23,green,green,green,green,6.881146666924158,6.617303848266602,1.698737259374152,False,-6.37,0.2638428186575563,0.4801911111540263,0.9223625267362053,0.29625,0.8680785906712218,0.6612958039073307
Cc1cc(F)ccc1-n1nc(CC(C)C)cc1NC(=O)c1ccc(C)c2ccccc12,0.4197979844730857,4,4,0.2307692307692307,True,LogP>5,415.51200000000017,6.232240000000005,1,3,True,,5,46.92,green,yellow,green,red,7.2254149954319,7.806405067443848,2.3645350033371457,True,-10.92,0.5809900720119474,0.5375691659053167,0.848384999629206,0.865,0.7095049639940263,0.6607353238057402
C=Cc1ccccc1C(C=CC)SC(=O)NC(C)=O,0.8466364124283519,1,1,0.2,True,,275.37300000000005,3.9361000000000033,1,3,True,,4,46.17,green,green,green,green,6.160669981002807,6.422662734985352,3.704144322136183,True,-7.768,0.2619927539825442,0.3601116635004679,0.6995395197626464,0.471,0.8690036230087279,0.6595668591991523
[NH]C1(c2ccccc2NCc2ccc(F)cc2F)CCCNC(=O)CC=CC=N1,0.8198062284241313,3,2,0.2727272727272727,True,,397.4490000000002,3.939700000000002,2,3,True,,4,77.29,green,green,green,green,6.595146503957112,6.834542274475098,4.088893491534178,True,-7.757,0.23939577051798544,0.43252441732618535,0.656789612051758,0.46962499999999996,0.8803021147410073,0.6581429107953605
CC[SH]1Cc2c(-c3ccnnc3Cc3cc(F)ccc3OC)ccc(F)c21,0.6326786009178801,4,3,0.238095238095238,True,,386.4670000000001,4.914800000000003,1,3,True,,5,35.010000000000005,green,green,green,green,6.959114644400278,7.232571601867676,3.894842219570567,True,-9.41,0.2734569574673982,0.49318577406671293,0.6783508644921592,0.67625,0.8632715212663009,0.6573227493557975
O=C(NC1=CC=CC1)Nc1ccc(F)cc1Cl,0.8317242326107116,2,1,0.0833333333333333,True,,252.676,3.4444000000000017,2,1,True,,2,41.13,green,green,green,green,6.571785981178284,7.70245885848999,2.503477158763633,True,-8.809,1.1306728773117065,0.4286309968630473,0.8329469823595963,0.6011249999999999,0.43466356134414674,0.6572622873168085
Nc1ccc(Cl)cc1NC=CCC(=O)N=Cc1ccccc1Cl,0.6158645998186341,2,2,0.0588235294117647,True,,348.23300000000006,4.537000000000002,2,3,True,,5,67.47999999999999,green,green,green,green,6.595621989997229,6.9018754959106445,2.937821429778568,True,-8.974,0.30625350591341594,0.4326036649995381,0.7846865078023814,0.62175,0.846873247043292,0.6569519969616553
CCCNC(=O)OCC(C)(C)CCNC(=O)c1ccccc1,0.7756480241124761,1,1,0.5294117647058824,True,,306.40599999999995,2.968900000000001,2,3,True,,8,67.43,green,green,green,green,5.9567900056838985,6.568965911865234,2.067469384929506,True,-7.852,0.6121759061813359,0.3261316676139831,0.8813922905633882,0.48150000000000004,0.6939120469093321,0.6557982192281625
Oc1cccc2c1C(c1ccc(F)cc1F)=CCC=C2F,0.7975628830213694,3,2,0.0588235294117647,True,,288.268,4.816200000000002,1,1,True,,1,20.23,green,green,green,green,6.706112019872665,7.681147575378418,2.8118118081766283,False,-8.722,0.9750355555057526,0.45101866997877754,0.7986875768692635,0.5902499999999999,0.5124822222471237,0.6546761823054822
Clc1ccccc1-c1ccsc1,0.6422497810831694,2,2,0.0,True,,194.686,4.068500000000001,0,1,True,,1,0.0,green,green,green,green,5.980820020675659,5.944675922393799,1.7889077152539912,True,-6.778,0.03614409828186016,0.33013667011260983,0.912343587194001,0.34724999999999995,0.9819279508590699,0.654052368720675
Cc1nncnc1CC(=O)NC(C)C,0.7484124419027276,1,1,0.5555555555555556,True,,194.238,0.2471199999999995,1,4,True,,3,67.77,green,green,green,green,6.383263992500305,6.628026008605957,2.6567927314411257,True,-6.54,0.24476201610565163,0.39721066541671757,0.8159119187287638,0.3175,0.8776189919471742,0.6497910720332924
CC(C)(C)C1=Cn2nc3cccnc3c2NCc2ccc(F)cc2C(=O)NC=C1,0.598454945546113,4,3,0.2272727272727272,True,,391.4500000000001,4.326600000000003,2,5,True,,0,71.84,green,yellow,green,green,7.535585159667333,7.67344331741333,3.923858048725762,False,-7.932,0.1378581577459972,0.5892641932778888,0.6751268834749153,0.49150000000000005,0.9310709211270014,0.649633934079885
COC(=O)C=CCC=C(O)c1ccc(F)cc1F,0.5101483181158443,1,1,0.1538461538461538,True,,254.232,2.9830000000000005,1,3,True,,4,46.53,green,yellow,green,green,6.770787306563058,6.666685104370117,2.7360301826638143,True,-8.406,0.10410220219294075,0.46179788442717634,0.8071077574817984,0.5507500000000001,0.9479488989035296,0.6464784306203754
O=S1C=C(c2ccc(F)cc2F)C=CN1,0.7815856156780017,2,1,0.0,True,,227.235,2.0863,1,1,True,,1,29.1,green,green,green,green,6.893150026798248,7.333592891693115,4.025432893019978,False,-7.817,0.44044286489486684,0.4821916711330414,0.6638407896644469,0.477125,0.7797785675525666,0.6463304706951054
O=C1C=CC(Nc2ccc(F)cc2Cl)C(=O)c2ccccc2N1,0.8833151845458611,3,2,0.0588235294117647,True,,330.746,3.650800000000001,2,3,True,,2,58.2,green,green,green,green,6.446163332382838,7.27899694442749,3.1577356249582813,False,-7.524,0.8328336120446522,0.407693888730473,0.7602515972268576,0.4405,0.5835831939776739,0.6460429522859253
Cc1ccc(Br)cc1CC(=CC=O)N1CCOCC1,0.6299798161622521,2,1,0.4,True,,324.2180000000002,2.715020000000001,0,3,True,,4,29.540000000000003,green,green,green,green,6.491866669813792,6.614667892456055,2.7503207383963115,False,-7.366,0.12280122264226279,0.415311111635632,0.8055199179559653,0.42074999999999996,0.9385993886788686,0.645839564158511
C[C](C=CNC(C)=O)CC(=O)Cc1cccc(Cl)c1CC=CC=Cc1ccccc1,0.4862754469772536,2,2,0.1923076923076923,True,LogP>5,420.96000000000015,5.897990000000005,1,2,True,,10,46.17,green,yellow,green,yellow,6.577059994697571,6.701943397521973,3.182292132285702,True,-9.777,0.12488340282440191,0.4295099991162618,0.7575230964126998,0.7221249999999999,0.937558298587799,0.6458041304589105
CNC(=O)c1ccc(F)cc1Cl,0.7143668360456757,1,1,0.125,True,,187.601,1.8387,1,1,True,,1,29.1,green,green,green,green,6.5789533061981205,7.214656829833984,1.6398954075616832,True,-6.414,0.6357035236358639,0.42982555103302006,0.9289005102709241,0.30174999999999996,0.682148238182068,0.6443666825130643
C=CCc1ccccc1-c1ccccc1C(=O)NC=O,0.6670225493564221,2,2,0.0588235294117647,True,,265.312,2.968300000000001,1,2,True,,5,46.17,green,green,green,green,6.100590014457703,6.686548233032227,2.307795147618158,True,-8.684,0.5859582185745236,0.3500983357429505,0.8546894280424269,0.5854999999999999,0.7070208907127382,0.644325795105213
O=C(NC=CC=CCc1ccc(F)cc1F)C1=CNC1,0.8093421239725008,2,1,0.1333333333333333,True,,276.286,2.1805000000000003,2,2,True,,5,41.13,green,green,green,green,6.519946649551391,7.473953723907471,3.330167169017812,True,-8.969,0.9540070743560793,0.4199911082585652,0.7410925367757987,0.6211249999999999,0.5229964628219603,0.643225106262082
O=C(NC1=CCC=CC=C1)c1ccccc1Cl,0.8494148319169816,2,1,0.0714285714285714,True,,245.709,3.469800000000002,1,1,True,,2,29.1,green,green,green,green,6.389549987792969,7.274328708648682,2.541534713708687,True,-7.207,0.8847787208557127,0.39825833129882815,0.8287183651434792,0.400875,0.5576106395721436,0.6429578114607024
C=CC=CC(O)CCc1cc(F)ccc1NCCC1=C[N+]C(C)C1,0.6740799215701038,2,1,0.4,True,,329.4390000000001,3.943900000000003,2,2,True,,9,46.36,green,green,green,green,7.257413335800171,6.905966758728027,4.343650921384665,True,-8.434,0.351446577072144,0.5429022226333619,0.6284832309572594,0.5542499999999999,0.824276711463928,0.6410002393781024
NC(=O)c1ccc(F)cc1C(C=CC=CCF)=CF,0.8169775059566918,1,1,0.0714285714285714,True,,267.25,3.316900000000002,1,1,True,,5,43.09,green,green,green,green,6.395534981409709,7.117436408996582,3.3420285293233336,True,-8.058,0.7219014275868734,0.3992558302349514,0.739774607852963,0.50725,0.6390492862065633,0.6409840874303885
Fc1ccc(C2=COCN=CC=CC=CC2)c(F)c1,0.7516950961444271,2,1,0.1333333333333333,True,,261.271,3.8667000000000025,0,2,True,,1,21.59,green,green,green,green,7.090533352613449,7.374475002288818,3.818489636821498,False,-6.564,0.28394164967536906,0.5150888921022415,0.6868344847976113,0.3205,0.8580291751623155,0.6394295499303052
CP(C)(=O)C1=CC(=O)N=CC1=CC1=Cc2ccc(F)cc21,0.781468929169722,3,1,0.125,True,,301.257,3.7237000000000022,0,2,True,,2,46.5,green,green,green,green,7.10866163889567,8.309532165527344,3.777182081970631,False,-9.725,1.2008705266316735,0.5181102731492784,0.6914242131143744,0.715625,0.39956473668416326,0.6391238007035043
C=C1OC=CC(C)C=CNC(=O)NC(=CC=CC)Nc2ccc(F)cc21,0.6887968335621784,2,1,0.15,True,,355.41300000000007,4.618700000000003,3,3,True,,1,62.39,green,green,green,green,7.654667662525178,7.781460762023926,4.822905178193842,False,-7.229,0.12679309949874806,0.6091112770875297,0.575232757978462,0.403625,0.936603450250626,0.6388639208402599
CN[C@H](O)C=CC=C(NC(=O)Nc1ccc(F)cc1F)c1cnccc1C,0.4626140463517059,2,2,0.1578947368421052,True,,374.3910000000001,2.9248200000000013,4,4,True,,6,86.28,green,yellow,green,green,7.010351654450098,7.174347877502441,3.53369180198815,True,-9.6,0.16399622305234374,0.5017252757416829,0.7184786886679834,0.7,0.9180018884738281,0.638318522174333
CC=CC=C(O)C(=O)Nc1nccc(C(=O)c2ccc(F)cc2F)n1,0.3761577963648679,2,2,0.0588235294117647,True,,345.305,2.9423000000000004,2,5,True,,5,92.18,green,yellow,yellow,green,6.718379980246226,6.90045166015625,2.94747464754788,True,-10.44,0.18207167991002393,0.45306333004103766,0.7836139280502356,0.8049999999999999,0.908964160044988,0.6376502211187316
CC=CC=CCOc1ccc(F)cc1CC(=O)NSF,0.6181174195848005,1,1,0.2142857142857142,True,,299.342,3.528200000000002,1,3,True,,7,38.33,green,green,green,green,6.539369320305188,6.412250518798828,3.136340795391437,True,-7.581,0.12711880150636024,0.42322822005086475,0.7626288005120626,0.44762500000000005,0.9364405992468199,0.6374420389214117
O=C(NC=CC=CC1C=COC=CC=CC1=O)Nc1ccc(F)cc1F,0.8009690637451257,2,1,0.0526315789473684,True,,358.34400000000005,3.955300000000003,2,3,True,,4,67.42999999999999,green,green,green,green,6.771089979330698,7.300865173339844,4.419048729015476,True,-8.209,0.5297751940091455,0.4618483298884497,0.6201056967760583,0.526125,0.7351124029954272,0.6368239665573001
COC=CC=CCNC(=O)NC=Cc1ccccc1Cl,0.6240390299747498,1,1,0.1333333333333333,True,,292.7660000000001,3.326200000000001,2,2,True,,6,50.36,green,green,green,green,6.408616674105327,6.618317604064941,3.067001625350952,True,-7.86,0.20970092995961398,0.4014361123508879,0.7703331527387831,0.48250000000000004,0.895149535020193,0.6355276984015897
CC1C=CCC=CC=C1C(=O)Nc1ccc(F)cc1F,0.8125610149162966,2,1,0.1875,True,,275.298,3.981900000000003,1,1,True,,2,29.1,green,green,green,green,6.7239116568565365,7.535151481628418,3.233421613563544,True,-7.431,0.8112398247718815,0.4539852761427561,0.751842042937384,0.428875,0.5943800876140592,0.6353860828340803
CC(C)C(=O)NC(=O)Nc1cccc(F)c1F,0.835318742478781,1,1,0.2727272727272727,True,,242.225,2.2689000000000004,2,2,True,,2,58.2,green,green,green,green,6.293536671638488,7.473730087280273,1.9696911972251705,True,-7.466,1.180193415641785,0.38225611193974807,0.8922565336416477,0.43325,0.4099032921791075,0.6348180352449229
Cc1cc(Cl)ccc1-c1ccccc1O,0.7666562514246023,2,2,0.0769230769230769,True,,218.683,4.021020000000003,1,1,True,,1,20.23,green,green,green,green,5.92885999584198,7.027862071990967,1.6461737781445756,True,-8.225,1.0990020761489872,0.32147666597366326,0.9282029135394916,0.528125,0.4504989619255064,0.6348037187245821
CC(C=O)=NCC1(NC(=O)Nc2ccc(F)cc2F)C=C[CH]C1,0.6466169649964942,2,1,0.25,True,,320.3190000000001,2.649090000000001,2,3,True,,5,70.56,green,green,green,green,6.82708365740776,7.186438083648682,4.014773372739347,True,-8.692,0.3593544262409214,0.47118060956796004,0.6650251808067392,0.5865,0.8203227868795393,0.6331700763963313
CCNC(=O)c1ccc(F)cc1C=CN(CSC(N)Nc1ccc(F)cc1C)C(C)(C)C,0.4503615962692837,2,2,0.375,True,LogP>5,462.6100000000002,5.139220000000004,3,5,True,,9,70.39,green,yellow,green,yellow,7.189169977188111,7.40452766418457,3.6609268822808128,True,-9.561,0.21535768699645974,0.5315283295313518,0.7043414575243541,0.695125,0.8923211565017701,0.6330983528299452
CC=CC=NC(=O)OCc1ccc(F)cc1C=Cc1ccccc1,0.554468419553098,2,2,0.1,True,LogP>5,323.367,5.279600000000005,0,2,True,,5,38.66,green,yellow,green,yellow,6.200503315766652,6.55906867980957,2.742985981247543,True,-9.128,0.35856536404291806,0.3667505526277754,0.8063348909724952,0.641,0.820717317978541,0.6328085358537345
CC=CC1=C(C(N)=O)CC1C=Cc1ccc(F)cc1F,0.8992439988340871,2,1,0.1875,True,,275.298,3.355900000000002,1,1,True,,4,43.09,green,green,green,green,6.358226645787557,7.616210460662842,3.615229215961146,True,-9.08,1.2579838148752849,0.39303777429792613,0.709418976004317,0.635,0.37100809256235756,0.6316745124535399
Cc1ccccc1CNC(=O)C1=CC=CC(CF)=CC=CC1,0.895504938628895,2,1,0.2105263157894736,True,,297.37300000000005,3.949620000000003,1,1,True,,4,29.1,green,green,green,green,6.187939999580383,7.0751824378967285,3.3361978566775443,True,-7.511,0.8872424383163455,0.3646566665967305,0.7404224603691618,0.438875,0.5563787808418272,0.6312012501951344
CC1Cc2ccccc2C(=O)[C@H](Cc2ccccc2)CCN1,0.9154130772120695,3,2,0.35,True,,293.41,3.6525000000000025,1,2,True,,2,29.1,green,green,green,green,5.8200000333786015,6.475895404815674,3.3513986461794945,False,-6.996,0.6558953714370723,0.3033333388964336,0.7387334837578339,0.37450000000000006,0.6720523142814638,0.6311861551639821
O=CCNc1ccccc1C(=O)O,0.6763522541756223,1,1,0.1111111111111111,True,,179.17499999999995,0.9956,2,3,True,,4,66.4,green,green,green,green,6.071320021629334,5.650164604187012,2.017351288470365,True,-6.767,0.4211554174423222,0.34522000360488897,0.8869609679477373,0.34587500000000004,0.7894222912788389,0.6301668999436436
Cc1ccccc1C=CCc1cc(F)ccc1CN=CC=O,0.5809786536880545,2,2,0.1578947368421052,True,,295.357,4.1597200000000045,0,2,True,,6,29.43,green,yellow,green,green,6.146846665461858,6.719264507293701,2.812393686857087,True,-9.641,0.5724178418318431,0.35780777757697635,0.798622923682546,0.705125,0.7137910790840785,0.6292993617206571
Cc1ccccc1NCC=CC=COCC(=O)NC1=CC=CC1,0.5709662715440527,2,1,0.2105263157894736,True,,310.3970000000001,3.453420000000002,2,3,True,,8,50.36,green,yellow,green,green,6.535130004882813,6.873392105102539,3.1969287511598266,True,-8.686,0.33826210021972614,0.4225216674804688,0.7558968054266859,0.58575,0.8308689498901369,0.6287129452222989
COc1ccccc1C=CC=NC=C1CCCC(=O)NC=C(CNC(=O)c2ccc(F)cc2F)N(C)CC1,0.510389719074818,3,2,0.2758620689655172,True,MW>500,522.5960000000001,4.834700000000003,2,5,True,,7,83.02999999999999,green,yellow,green,green,7.254153373114268,7.213443756103516,3.8361992942164393,True,-7.965,0.040709617010752375,0.5423588955190447,0.6848667450870622,0.495625,0.9796451914946238,0.6285764238684726
CCC1OC=CC=C1NC(=O)Nc1ccccn1,0.8591250312951929,2,1,0.2307692307692307,True,,245.282,2.4095000000000004,2,3,True,,3,63.25,green,green,green,green,6.102020014762879,6.950617790222168,3.496074709929026,True,-8.089,0.8485977754592886,0.35033666912714656,0.7226583655634415,0.511125,0.5757011122703557,0.6285370998806412
NC1=C(NC(=O)c2cnccc2C2=C3CCN32)c2ccccc2C1,0.9093684666859628,5,2,0.1578947368421052,True,,316.36400000000003,2.0828999999999995,2,4,True,,3,71.02,green,green,green,green,6.41366000699997,8.130412101745605,3.007812737100385,True,-9.561,1.7167520947456358,0.40227666783332827,0.776909695877735,0.695125,0.14162395262718208,0.6275372171016674
Cc1ccc(O)cc1CF,0.6333875659451441,1,1,0.25,True,,140.15699999999998,2.17012,1,1,True,,1,20.23,green,green,green,green,6.406976639827093,6.700962543487549,2.1575770589832057,False,-6.249,0.29398590366045596,0.4011627733045155,0.8713803267796438,0.28112499999999996,0.853007048169772,0.6265443350675659
CC(C)=CCNc1ccc(F)cc1Cl,0.752354230054355,1,1,0.2727272727272727,True,,213.683,3.8572000000000015,1,1,True,,3,12.03,green,green,green,green,6.314249320411681,7.208679676055908,2.2190975897407217,True,-7.301,0.8944303556442268,0.38570822006861355,0.8645447122510309,0.412625,0.5527848221778866,0.6261778529167522
CN1CC=CC=C(CNC(C)(O)NCCC(F)c2cccc(F)c2)C1,0.6300571770532148,2,1,0.4736842105263157,True,,351.44100000000003,2.4996,3,4,True,,8,47.53,green,green,green,green,6.785686678409577,6.79308032989502,4.212111435019252,True,-7.483,0.007393651485443797,0.46428111306826275,0.6430987294423054,0.43537499999999996,0.9963031742572781,0.6258969253761244
C=CC(C)=CC=CNc1ccccc1NC(=O)Nc1ccccc1OC,0.5867441457747912,2,2,0.0952380952380952,True,LogP>5,349.4340000000001,5.397100000000004,3,3,True,,7,62.39,green,yellow,green,yellow,5.989549986521403,6.571334362030029,2.491416391750564,True,-9.206,0.5817843755086267,0.33159166442023374,0.8342870675832706,0.6507499999999999,0.7091078122456866,0.6255548080604152
CCCC=CC(Cl)NC(=O)c1ccc(F)cc1Nc1ccc(F)cc1,0.3942669766827104,2,2,0.2105263157894736,True,LogP>5,364.823,5.359400000000004,2,2,True,,7,41.13,green,yellow,green,yellow,6.9362833089828495,7.038013458251953,2.947119142260835,True,-8.825,0.10173014926910362,0.4893805514971416,0.7836534286376851,0.6031249999999999,0.9491349253654482,0.6251952004343444
CCOC=CC=NC1C=C2C=NCN=C2CCc2ccc(F)cc2C(=O)N1,0.6553938132165257,3,1,0.3,True,,368.412,2.858100000000001,1,5,True,,4,75.41,green,green,green,green,7.621984495925903,7.787917613983154,4.823757547463722,True,-7.134,0.16593311805725097,0.6036640826543173,0.5751380502818086,0.39175000000000004,0.9170334409713745,0.6246832985511532
CC=CCNC(=O)COc1cc2cc(C)c1-2,0.7782810436280552,2,0,0.3076923076923077,True,,217.268,2.04652,1,2,True,,5,38.33,green,green,green,green,6.705128352959951,7.807727813720703,2.50264078304064,True,-7.433,1.1025994607607519,0.4508547254933252,0.8330399129954844,0.429125,0.44870026961962406,0.6246749746974936
Cc1cccc(C(C=O)=CC=Cc2cc(F)ccc2C)c1,0.4489896562714596,2,2,0.1052631578947368,True,,280.34200000000004,4.738240000000004,0,1,True,,4,17.07,green,yellow,green,green,6.577210000991821,7.228899002075195,2.540417805569067,False,-10.29,0.6516890010833745,0.4295350001653035,0.8288424660478815,0.7862499999999999,0.6741554994583128,0.6244258555316429
Cc1cccc(CC=O)c1,0.5628719784371808,1,1,0.2222222222222222,True,,134.178,1.73642,0,1,True,,2,17.07,green,yellow,green,green,6.120016659736633,6.049527645111084,1.8965122238183716,False,-6.274,0.07048901462554902,0.3533361099561055,0.9003875306868476,0.28425,0.9647554926872255,0.623832923175312
CCCN1C(=O)CN(O)CCc2cccc(CC34N=CC3N4)c21,0.8119724554669019,4,1,0.5294117647058824,True,,314.38899999999995,0.9718999999999992,2,5,True,,4,78.08,green,green,green,green,7.060937484741211,7.425745010375977,4.510352419368891,True,-6.323,0.3648075256347658,0.5101562474568685,0.6099608422923455,0.29037500000000005,0.8175962371826171,0.6237102595085781
O=C(NC1=CC=C2C3=C(NCCO3)NC12)OCc1ccc(F)cc1F,0.7774679624358489,4,1,0.2352941176470588,True,,347.321,1.7755999999999996,3,5,True,,3,71.62,green,green,green,green,6.823230008840561,8.207496643066406,3.847248537865232,True,-10.26,1.3842666342258454,0.47053833480676016,0.6836390513483075,0.7825,0.3078666828870773,0.6229394228404528
Fc1ccc(C2(C=NCc3ccccc3)NC=CC=CNCS2)c(F)c1,0.7870429129885854,3,2,0.15,True,,371.4560000000001,4.299500000000003,2,4,True,,4,36.42,green,green,green,green,6.307953501272202,6.572829246520996,4.352333607010879,True,-7.25,0.2648757452487942,0.3846589168787003,0.6275184881099023,0.40625,0.8675621273756029,0.6216439527567024
CC(C=CF)=C(N)SCC=CC(=O)C=Cc1ccccc1,0.6052222677699411,1,1,0.1176470588235294,True,,303.40200000000004,4.231700000000003,1,3,True,,7,43.09,green,green,green,green,5.918770990419388,6.1094255447387695,3.3747565278637213,False,-8.614,0.19065455431938183,0.31979516506989797,0.7361381635706976,0.5767500000000001,0.9046727228403091,0.6215125492751856
CSc1nccc(-c2ccc(F)cc2)n1,0.5744381484917288,2,2,0.0909090909090909,True,,220.272,3.0046000000000017,0,3,True,,2,25.78,green,yellow,green,green,5.695038001187643,5.923750400543213,1.9029434944747567,True,-7.371,0.22871239935556975,0.28250633353127386,0.8996729450583604,0.42137500000000006,0.8856438003222151,0.6210818601421093
NCCNC=CC([O-])c1ccc(F)cc1F,0.7169270203598114,1,1,0.2727272727272727,True,,227.23399999999995,0.4281999999999999,2,3,True,,5,61.11,green,green,green,green,6.346198012876511,6.643764972686768,3.7604438539599983,True,-7.311,0.2975669598102568,0.3910330021460851,0.6932840162266669,0.413875,0.8512165200948716,0.6205230875900674
CNC(=O)C=CC=C1C(Nc2ccccc2C)=NC=COC1[O-],0.8218675836580063,2,1,0.1764705882352941,True,,312.34900000000005,1.2218199999999997,2,5,True,,3,85.78,green,green,green,green,6.3240000071525575,7.093083381652832,4.027674559869524,True,-8.212,0.7690833745002745,0.38733333452542623,0.6635917155700528,0.5265,0.6154583127498627,0.6201252386245795
NCC1=C(NC(N)=O)C=C(OCc2ccc(Cl)cc2F)CC=CC=N1,0.7479509515814555,2,1,0.1764705882352941,True,,364.8080000000001,2.748900000000001,3,4,True,,5,102.73,green,green,yellow,green,6.8744483300844825,7.589573860168457,3.860743757645452,True,-7.695,0.7151255300839745,0.4790747216807471,0.6821395824838387,0.46187500000000004,0.6424372349580127,0.6189844130961748
O=CC(O)c1ccc(F)cc1Cl,0.7178763529583974,1,1,0.125,True,,188.585,1.7114,1,2,True,,2,37.3,green,green,green,green,6.252857496857643,6.641632080078125,2.9520244400195037,False,-6.517,0.3887745832204823,0.3754762494762738,0.7831083955533885,0.31462500000000004,0.8056127083897588,0.6183770932816651
C=C(C=CC=CC=CO)c1cnc(O)c2c1cnn2C=CC=CCC(C)=O,0.537911425455163,2,2,0.0952380952380952,True,,363.4170000000001,4.340200000000004,2,6,True,,8,88.24000000000001,green,yellow,green,green,6.8128216320673625,6.94258975982666,4.2164822371416655,False,-8.735,0.1297681277592977,0.4688036053445604,0.6426130847620372,0.5918749999999999,0.9351159361203512,0.6179404890412648
O=C(O)C=CC=CNC(=O)NC=CCOc1ccc(F)cc1F,0.5304190975045984,1,1,0.0666666666666666,True,,324.283,2.311,3,3,True,,7,87.66000000000001,green,yellow,green,green,6.501031513145992,6.842104911804199,3.0962926575892187,True,-8.573,0.3410733986582075,0.41683858552433195,0.7670785936011979,0.571625,0.8294633006708962,0.6179053849819499
CSC=NC=C(Cc1ccc(F)cc1F)NCC1CCNC1,0.5976890186552067,2,1,0.4375,True,,325.4280000000001,2.9391000000000007,2,4,True,,7,36.42,green,yellow,green,green,6.714329996347426,7.193463325500488,3.895745109424796,True,-9.003,0.47913332915306217,0.452388332724571,0.6782505433972449,0.625375,0.7604333354234689,0.6173338073715474
C=CCn1nccc1C=CCC(=O)OCCc1ccccc1,0.5545645417709749,2,2,0.2222222222222222,True,,296.36999999999995,3.258300000000002,0,4,True,,8,44.120000000000005,green,yellow,green,green,5.999739996910095,5.761918067932129,2.6546757610329106,True,-8.044,0.23782192897796595,0.3332899994850158,0.81614713766301,0.5055000000000001,0.881089035511017,0.6173242750821519
Cc1ncccc1CNc1ncc(F)cc1CC=CCC(=O)C=O,0.4584561277722345,2,2,0.2222222222222222,True,,327.3590000000001,2.793020000000001,1,5,True,,8,71.95,green,yellow,green,green,6.398141656684876,6.252713203430176,3.052608143356535,True,-8.818,0.14542845325470033,0.39969027611414604,0.7719324285159406,0.60225,0.9272857733726498,0.6169655603007704
Cc1ccccc1-c1ccccc1,0.6092016568043108,2,2,0.0769230769230769,True,,168.239,3.662020000000002,0,0,True,,1,0.0,green,green,green,green,5.478760057449341,6.205908298492432,1.1518802358387852,True,-7.948,0.727148241043091,0.24646000957489012,0.983124418240135,0.49350000000000005,0.6364258794784545,0.6168624025978576
CNC(=O)N=C(Cl)C[C@H](C)c1ccncc1,0.8245637285399304,1,1,0.3636363636363636,True,,239.706,2.5519000000000007,1,2,True,,3,54.35,green,green,green,green,5.994596663236618,6.620756149291992,3.4235008469669905,True,-7.113,0.6261594860553741,0.33243277720610304,0.7307221281147789,0.38912500000000005,0.686920256972313,0.6167148081507449
O=C(CNC1=COCNc2cc(F)ccc2C(=O)N1)OCF,0.7131554088492246,2,1,0.2307692307692307,True,,313.26,0.8137999999999997,3,6,True,,4,88.69000000000001,green,green,green,green,6.498540003617604,7.17258358001709,3.956636105525471,True,-8.682,0.6740435763994856,0.41642333393626735,0.6714848771638365,0.58525,0.6629782118002572,0.6166789700605574
O=CC(=O)C(=O)CC=CNC(=O)Nc1ccccc1Cl,0.4743541257930617,1,1,0.0769230769230769,True,,294.6940000000001,1.7023999999999997,2,4,True,,6,92.34,green,yellow,yellow,green,6.563939991950988,6.477876663208008,2.9608058653215075,True,-7.899,0.08606332874298062,0.4273233319918314,0.7821326816309436,0.487375,0.9569683356285097,0.616237868598644
O=C1Nc2ccccc2CC=Nc2ccccc2CC=CC=CNc2ccccc21,0.4978861241806811,4,3,0.0769230769230769,True,LogP>5,393.49,5.921800000000005,2,3,True,,0,53.49,green,yellow,green,yellow,6.749280047416687,6.677027225494385,3.308295686198604,False,-7.69,0.07225282192230242,0.4582133412361145,0.7435227015334884,0.46125000000000005,0.9638735890388488,0.6157634130315925
Fc1[nH]ccccccc1C(F)(F)F,0.6252502178033343,1,1,0.1111111111111111,True,,205.15399999999997,3.2970000000000006,1,0,True,,0,15.79,green,green,green,green,5.216180028915406,5.4283528327941895,2.904206733534574,False,-8.625,0.2121728038787838,0.20269667148590095,0.788421474051714,0.578125,0.8939135980606081,0.6147630469700336
Cc1ccccc1NC1=C(c2cccc(O)c2)CC=CC=CCN1,0.775506310218267,3,2,0.1428571428571428,True,,318.42,4.587020000000003,3,3,True,,3,44.29,green,green,green,green,6.222120001475016,7.09798526763916,3.2553393913928943,False,-7.985,0.8758652661641442,0.37035333357916933,0.7494067342896784,0.49812500000000004,0.5620673669179279,0.6143277828805095
O=CC[SH]1C=CC(F)=CC1=CNC(=O)Cc1ccccn1,0.6472530206407136,2,1,0.1333333333333333,True,,306.362,2.1625,2,3,True,,5,59.06,green,green,green,green,6.299615008831024,6.266608238220215,4.48017438365922,True,-7.974,0.033006770610809255,0.38326916813850403,0.6133139573711979,0.49675,0.9834966146945954,0.6138325703348679
N=CC(=O)OCC=Cc1ccccc1F,0.6062539089233272,1,1,0.0909090909090909,True,,207.204,2.03167,1,3,True,,4,50.150000000000006,green,green,green,green,5.954489990234375,6.2526397705078125,2.717879272650072,True,-7.582,0.2981497802734374,0.3257483317057292,0.8091245252611031,0.44775,0.8509251098632813,0.6137955413667455
O=C1NC=CC=C(NC(=O)c2ccc(Cl)cc2Br)C(N2CCOCC2)=NCCN1,0.6026356062528403,3,1,0.3157894736842105,True,,482.7660000000003,2.2734,3,5,True,,2,95.06,green,green,yellow,green,6.469104998588562,7.345395088195801,3.567237315888221,True,-10.27,0.876290089607239,0.4115174997647603,0.7147514093457532,0.78375,0.5618549551963805,0.6134909971320576
O=C1NC=CC=CCCC(c2ccc(F)cc2)=CCSC=Cc2ccccc2N1,0.560193890899782,3,2,0.125,True,LogP>5,406.52600000000007,6.598400000000004,2,2,True,,1,41.13,green,yellow,green,red,6.457705033540726,6.782466888427734,3.6325545987754255,False,-8.746,0.3247618548870088,0.40961750559012094,0.7074939334693972,0.59325,0.8376190725564956,0.6134758180937933
O=C(COCC=CCC1=CC=CC=CO1)Nc1ccc(F)cc1F,0.6089265556872491,2,1,0.1666666666666666,True,,333.33400000000006,3.8502000000000023,1,3,True,,7,47.56,green,green,green,green,6.585856667876244,6.991499900817871,3.1123411651940325,True,-7.419,0.4056432329416273,0.4309761113127073,0.7652954260895519,0.42737499999999995,0.7971783835291864,0.6134337252361196
COc1ccccc1OCn1[nH][nH]c1=O,0.77190952500126,2,2,0.2222222222222222,True,,209.205,0.5495999999999999,2,4,True,,4,72.03999999999999,green,green,green,green,5.344650026798249,5.769569873809815,2.6986368755123245,False,-6.915,0.4249198470115667,0.2241083377997081,0.8112625693875195,0.364375,0.7875400764942166,0.613401952631269
O=C1C=CC(Nc2ccc(F)cc2F)ONC1,0.8191930603084214,2,1,0.1818181818181818,True,,240.209,1.3628999999999998,2,4,True,,2,50.36,green,green,green,green,6.413311667044957,6.9816412925720215,3.8154244604522223,True,-6.53,0.5683296255270642,0.4022186111741595,0.687175059949753,0.31625000000000003,0.7158351872364679,0.6118485303848458
C=CC=CC1Nc2cnc(OC)cccnnc2N1C(=CC=CNCC(C)C)CF,0.5956031492162076,2,1,0.3181818181818182,True,,412.51300000000015,3.917500000000002,2,7,True,,9,75.2,green,yellow,green,green,6.762794271866481,6.897955894470215,4.909230038830302,True,-8.774,0.135161622603734,0.4604657119777468,0.5656411067966332,0.5967499999999999,0.932419188698133,0.6117795847034795
CC(C)(O)NCc1ccccc1Cl,0.7317498711616346,1,1,0.4,True,,199.681,2.1580000000000004,2,2,True,,3,32.26,green,green,green,green,5.73519001865387,6.286521911621094,2.208303046712123,True,-6.446,0.551331892967224,0.28919833644231163,0.8657441059208753,0.30574999999999997,0.724334053516388,0.611725769586548
O=C(C=C1C=CCCC1)N=CNc1ccccc1C(=O)O,0.5058231908665426,2,1,0.1875,True,,284.31500000000005,3.0181000000000004,2,2,True,,4,78.76,green,yellow,green,green,6.264359997749328,6.854178428649902,3.1220674665860155,True,-10.02,0.5898184309005741,0.37739333295822136,0.7642147259348872,0.7525,0.705090784549713,0.6116267634744585
COc1ccc(F)cc1Cl,0.6134943312750377,1,1,0.1428571428571428,True,,160.575,2.4877,0,1,True,,1,9.23,green,green,green,green,6.121090017684301,6.617586135864258,1.3879873153934632,False,-5.896,0.496496118179957,0.35351500294738347,0.9568902982896152,0.237,0.7517519409100215,0.6116119491171431
Cc1ccc(F)cc1N=CC(N)=O,0.6854290812026553,1,1,0.1111111111111111,True,,180.182,1.3217199999999998,1,2,True,,2,55.45,green,green,green,green,6.546596658706665,7.216535568237305,2.618129420338496,True,-6.696,0.6699389095306394,0.4244327764511109,0.8202078421846115,0.33699999999999997,0.6650305452346803,0.6116003679222409
CN(C=CC=CC(Cl)Oc1ccc(F)cc1)c1cc(N)ccc1C(=O)O,0.4288142488881008,2,2,0.1052631578947368,True,,376.8150000000001,4.256100000000003,2,4,True,,7,75.79,green,yellow,green,green,6.587950011253357,6.677152156829834,3.4679440988445585,True,-8.972,0.08920214557647732,0.43132500187555944,0.7257839890172713,0.6214999999999999,0.9553989272117613,0.6114493989332191
CN1C(=O)Cc2cc(F)ccc2CCCCc2ccccc21,0.7217236021597395,3,2,0.3157894736842105,True,,297.373,3.910000000000003,0,1,True,,0,20.31,green,green,green,green,6.223282501300176,6.953209400177002,2.490540713820401,True,-6.821,0.7299268988768262,0.3705470835500293,0.8343843651310665,0.35262499999999997,0.6350365505615869,0.6112856411169454
Cc1ccccc1C1=CN(O)Cc2ccc(F)cc2C=CC=NC1,0.8409687008173455,3,2,0.15,True,,322.38300000000004,4.464020000000004,1,3,True,,1,35.83,green,green,green,green,6.46661249756813,7.396363735198975,3.5315940688893104,False,-7.112,0.9297512376308443,0.4111020829280217,0.71871177012341,0.389,0.5351243811845778,0.6107591914984799
COC(=O)C=NC=CCCOc1ccc(F)cc1F,0.4526358563727855,1,1,0.2307692307692307,True,,269.247,2.491200000000001,0,4,True,,6,47.89,green,yellow,green,green,6.625126992130279,6.605589389801025,2.8690712947581893,True,-7.384,0.019537602329253723,0.43752116535504654,0.7923254116935345,0.42300000000000004,0.9902311988353731,0.6107292299128952
CC(=O)c1ccccc1F,0.5424419535478507,1,1,0.125,True,,138.14099999999996,2.0283,0,1,True,,1,17.07,green,yellow,green,green,5.956259992599487,6.270315647125244,1.440643725649874,False,-6.401,0.3140556545257569,0.32604333209991454,0.9510395860389029,0.300125,0.8429721727371216,0.6100436272272395
OC1=CC=CC(c2cccc(C3=C(Cl)C=CC3)c2)C1,0.7942880942090252,3,1,0.1764705882352941,True,LogP>5,270.759,5.081800000000003,1,1,True,,2,20.23,green,green,green,yellow,6.195646669387817,7.473685264587402,3.783906979478841,False,-9.898,1.2780385951995852,0.3659411115646362,0.6906770022801287,0.73725,0.3609807024002074,0.6091641017952468
C[S+]C1=NCOC=C1Nc1cccc(Cl)c1,0.8242718903991553,2,1,0.1818181818181818,True,,254.742,2.6919000000000004,1,4,True,,2,33.62,green,green,green,green,6.242266649484635,6.96784782409668,3.7699471375556897,False,-7.162,0.7255811746120449,0.37371110824743914,0.6922280958271456,0.39525,0.6372094126939776,0.6087361301101597
CC=CC=COC=CCc1ccc(F)cc1F,0.5514634388121201,1,1,0.1428571428571428,True,,236.261,4.127400000000002,0,1,True,,5,9.23,green,yellow,green,green,6.456321811453501,6.83665132522583,3.145765620302094,False,-8.113,0.38032951377232926,0.4093869685755835,0.7615815977442117,0.5141249999999999,0.8098352431138354,0.608732689321275
O=C([O-])NC(=O)Nc1ccccn1,0.6113002776940537,1,1,0.0,True,,180.143,-0.4536000000000006,2,4,True,,1,94.15,green,green,yellow,yellow,5.923216678619385,5.664921760559082,2.5858397500088266,True,-6.917,0.2582949180603027,0.32053611310323077,0.8237955833323526,0.364625,0.8708525409698487,0.608202819022725
NCc1ccccc1C(F)CCc1cc(F)ccc1NC1=CC=CC=CO1,0.6988032006217106,3,2,0.1818181818181818,True,LogP>5,368.427,5.281200000000004,2,3,True,,7,47.28,green,green,green,yellow,6.342943336804707,7.154702186584473,3.701797671810636,True,-8.866,0.8117588497797659,0.3904905561341178,0.6998002586877071,0.60825,0.5941205751101171,0.6081045623206955
CCOC=C(CCl)NCc1ccc(Cl)cc1F,0.6326988497500459,1,1,0.3333333333333333,True,,278.154,3.685400000000002,1,2,True,,6,21.26,green,green,green,green,6.477456661462784,7.009981155395508,2.839817482004221,True,-7.05,0.5325244939327236,0.4129094435771307,0.7955758353328644,0.38125,0.7337377530336382,0.6068987229411994
CC1CC=CC(C(=O)NC2=C(F)c3cc2c(F)cc3F)=CC1,0.8753458072112962,3,1,0.2352941176470588,True,,305.29900000000004,4.1022000000000025,1,1,True,,2,29.1,green,green,green,green,7.221479988098144,8.62080192565918,4.4235496786511215,True,-8.26,1.3993219375610355,0.5369133313496907,0.6196055912609866,0.5325,0.30033903121948224,0.6060463705709311
CC=CC(C=CN=CC(F)c1ccc(F)cc1F)Oc1ncccc1NC(N)=O,0.5025077879255085,2,2,0.15,True,,404.3920000000001,4.469200000000003,2,4,True,,8,89.6,green,yellow,green,green,6.6828273353735606,7.016209602355957,4.267993496432211,True,-9.682,0.3333822669823965,0.4471378892289268,0.6368896115075322,0.71025,0.8333088665088018,0.6058107576803657
CC(C)(C)CC=C(CF)NC(=O)Nc1c(O)cccc1Cl,0.7186227283827782,1,1,0.4,True,,314.788,4.456700000000004,3,2,True,,4,61.36,green,green,green,green,6.3723966643015535,7.394054412841797,3.118829609443159,True,-8.384,1.0216577485402434,0.3953994440502589,0.764574487839649,0.548,0.4891711257298783,0.6054548617251404
NC=CC(=O)NC=CC(Cl)c1ccccc1,0.6212429660826971,1,1,0.0833333333333333,True,,236.702,2.0688,2,2,True,,4,55.120000000000005,green,green,green,green,6.237681991195679,6.496871948242188,3.664537700113845,True,-7.639,0.2591899570465097,0.3729469985326131,0.7039402555429062,0.45487500000000003,0.8704050214767451,0.6046772083344353
CC=CC=CN=CC=C(C=CC=NCC=CC1=CC(=O)ONC1=CC)c1ccccn1,0.4693650866442745,2,1,0.12,True,,414.5090000000001,4.700400000000004,1,6,True,,9,75.94,green,yellow,green,green,7.032320036888122,7.160760879516602,4.622342165140859,True,-9.142,0.12844084262847932,0.5053866728146871,0.5975175372065713,0.6427499999999999,0.9357795786857603,0.6045774273285129
CC=CC=C(OC=C1C=C(CC(=O)NC)C=CC1)c1ccccc1,0.6174787220147447,2,1,0.1904761904761904,True,,321.42,4.526500000000004,1,2,True,,6,38.33,green,green,green,green,6.302889982223511,6.890602111816406,3.5433177538227945,True,-8.625,0.5877121295928953,0.3838149970372518,0.7174091384641339,0.578125,0.7061439352035523,0.6031253048077029
Cc1ccccc1C=NC=C[C@H](O)CCNC(=O)N=CC=O,0.5924177222670989,1,1,0.25,True,,301.346,1.6579199999999998,2,4,True,,7,91.12,green,yellow,yellow,green,6.497749984502792,6.715330600738525,4.007074070786016,True,-7.802,0.21758061623573344,0.41629166408379864,0.6658806588015538,0.47524999999999995,0.8912096918821333,0.6028018818662428
CC(C)NCCNC1=CC(C(=O)N2C=CC(C)(F)C=C2c2ccccc2)OC=N1,0.6933715879536759,3,1,0.3636363636363636,True,,398.4820000000001,2.9677000000000016,2,5,True,,7,65.96,green,green,green,green,6.90651999092102,7.650807380676269,4.557830936498919,True,-8.634,0.7442873897552484,0.4844199984868367,0.6046854515001201,0.57925,0.6278563051223758,0.6024642053291727
c1ccc(SC2=NCC2)cc1,0.6195080550741766,2,1,0.2222222222222222,True,,163.245,2.5809000000000006,0,2,True,,1,12.36,green,green,green,green,5.513510027885437,5.586780548095703,2.431389759374152,False,-6.258,0.07327052021026592,0.25225167131423953,0.840956693402872,0.28225,0.963364739894867,0.6024087323663401
C=C1C(C=CCNCC2(CCBr)C=CC=CO2)=CCc2ccc(F)cc21,0.4939536844142496,3,1,0.2727272727272727,True,LogP>5,416.3340000000001,5.091100000000004,1,2,True,,7,21.26,green,yellow,green,yellow,7.529558322906494,6.996592998504639,4.462561483459942,True,-9.191,0.5329653244018555,0.5882597204844157,0.6152709462822286,0.6488750000000001,0.7335173377990722,0.6023169524408635
CC=CC=CN=C(C(C)=O)c1ccccc1Cl,0.587712577864887,1,1,0.1428571428571428,True,,247.725,3.807900000000004,0,2,True,,4,29.43,green,yellow,green,green,6.457899990797043,6.965450286865234,3.0870714918241893,True,-7.662,0.5075502960681915,0.40964999846617384,0.7681031675750901,0.45775,0.7462248519659043,0.6014801638481146
CNC(=O)NC=CCC(=O)Nc1ccc(F)cc1C1=CC=CC[SH]1S,0.4009913530600452,2,1,0.1764705882352941,True,,381.4980000000001,3.3537000000000017,5,3,True,,5,70.23,green,yellow,green,green,7.161241656621297,7.091498851776123,4.3510499114916055,True,-9.006,0.06974280484517426,0.5268736094368829,0.6276611209453772,0.62575,0.9651285975774129,0.6011696300253441
CC1=C(Cl)CNc2ccc(F)cc2CC=NCNC1=O,0.7723161159203915,2,1,0.2857142857142857,True,,295.745,2.451,2,3,True,,0,53.49,green,green,green,green,6.730313353538513,7.308821678161621,4.00443480037673,False,-6.336,0.5785083246231082,0.45505222558975217,0.6661739110692522,0.29200000000000004,0.7107458376884459,0.6010448275186282
CSc1cc(F)ccc1F,0.5689997726742266,1,1,0.1428571428571428,True,,160.188,2.686700000000001,0,1,True,,1,0.0,green,yellow,green,green,6.2426866726875305,6.501856327056885,2.022459110265258,False,-5.688,0.25916965436935424,0.3737811121145884,0.8863934321927491,0.21099999999999997,0.8704151728153229,0.6008167995619601
CC(N)[C@@H]1N=C(N)C=CC=CC=C(C=O)C(c2c(F)cccc2Cl)=Cc2cc(F)ccc2N1,0.5610302766939158,3,2,0.12,True,,468.93500000000006,4.852500000000003,3,5,True,,3,93.5,green,yellow,yellow,green,7.800163328965505,7.752574920654297,4.754825887066442,True,-6.203,0.04758840831120814,0.6333605548275841,0.5827971236592842,0.27537500000000004,0.9762057958443959,0.6003660804304762
CC1NC=CC(Nc2ccc(F)cc2F)C=CC2C(=O)CC=CC12,0.8147371554617114,3,1,0.3157894736842105,True,,330.3780000000001,3.5683000000000025,2,3,True,,2,41.13,green,green,green,green,6.848245294507343,7.642549514770508,5.055499093582779,True,-7.942,0.7943042202631645,0.4747075490845572,0.5493889896019135,0.49275,0.6028478898684178,0.6003127295630803
CC(C)(C)CC=CNC(=O)NC=CCN(C=Cc1ccccc1)Cc1ccc(P)cc1,0.516563797058939,2,2,0.2692307692307692,True,LogP>5,435.5520000000001,5.422700000000006,2,2,True,,9,44.370000000000005,green,yellow,green,yellow,6.620550015449524,7.010385990142822,4.022999431864413,True,-9.164,0.3898359746932982,0.436758335908254,0.6641111742372874,0.6455,0.8050820126533509,0.60010771190371
CC1=C(Nc2ccc(F)cc2C)C=CC=CN1C(=O)NC1=CC=CC(=O)C1,0.8401741634397977,3,1,0.1428571428571428,True,,365.4080000000001,4.285520000000003,2,3,True,,3,61.440000000000005,green,green,green,green,6.615366670131683,8.11992073059082,3.5681925610283054,True,-8.62,1.504554060459137,0.43589444502194724,0.7146452709968549,0.5774999999999999,0.2477229697704315,0.5996671930791173
CC(=O)C=CN(C=C1C=CCc2cccnc2NCN=C1)c1ccccc1,0.835223480211443,3,2,0.1363636363636363,True,,358.44500000000005,4.127300000000003,1,5,True,,4,57.59,green,green,green,green,6.015950015068055,6.751453399658203,4.063181905201391,True,-7.398,0.7355033845901477,0.3359916691780092,0.6596464549776232,0.42474999999999996,0.6322483077049261,0.5994655637886073
CC(=CC=Cc1c[nH]cn1)C(F)Nc1ccc(F)cc1,0.6411834553795107,2,2,0.1333333333333333,True,,275.302,3.916000000000002,2,2,True,,5,40.71,green,green,green,green,5.842718345244725,6.328741073608398,3.7755192711690952,True,-8.854,0.48602272836367355,0.30711972420745415,0.6916089698701005,0.6067499999999999,0.7569886358181632,0.599182846526618
CC=C(F)CC(=O)N=CC=CNCc1ccc(F)cc1,0.8112040399123952,1,1,0.2,True,,278.302,3.2898000000000014,1,2,True,,6,41.46,green,green,green,green,5.753321827268601,6.692870140075684,3.3676531580288005,True,-7.941,0.9395483128070827,0.29222030454476683,0.7369274268856889,0.492625,0.5302258435964586,0.5989045541479432
N=C1CC=CC=CC=C1Sc1ccccn1,0.8393594906513011,2,1,0.0769230769230769,True,,228.32,3.5934700000000026,1,3,True,,2,36.74,green,green,green,green,5.5904100255966185,6.069384574890137,3.330495447525092,False,-5.957,0.47897454929351824,0.26506833759943643,0.7410560613861008,0.24462499999999998,0.7605127253532409,0.598888214332224
Fc1ccc(OC2C=CC=C=CC(c3ccccc3)=NC2)c(Cl)c1,0.7212524789641973,3,2,0.1,True,,339.797,4.996900000000004,0,2,True,,3,21.59,green,green,green,green,6.154205012321472,6.44154167175293,4.144106198575988,False,-6.967,0.2873366594314577,0.35903416872024535,0.6506548668248902,0.37087499999999995,0.8563316702842712,0.5988646707339615
CC1=CC=CC2CNc3ccccc3C(=O)C=CC=CC=C12,0.7633837015840583,3,1,0.15,True,,289.37800000000004,4.465900000000004,1,2,True,,0,29.1,green,green,green,green,6.657040054321289,7.367239475250244,4.013944883640859,False,-6.993,0.710199420928955,0.4428400090535482,0.6651172351510157,0.37412500000000004,0.6449002895355225,0.5985470294248065
CC(=O)Nc1ccccn1,0.6263238604714195,1,1,0.1428571428571428,True,,136.15399999999997,1.0399999999999998,1,2,True,,1,41.99,green,green,green,green,6.00590001153946,5.447044372558594,1.6494028831590306,True,-5.869,0.5588556389808659,0.33431666858990994,0.9278441240934411,0.23362499999999997,0.7205721805095671,0.5985349069356322
C=Cc1c(C)ccc(C)c1N1c2cc3c(F)cc2CC=CC=C2C(O)=C3CC21CC,0.5950099128094006,5,2,0.2592592592592592,True,LogP>5,399.5090000000002,7.097540000000006,1,2,True,,3,23.47,green,yellow,green,red,8.159236590385436,8.659465789794922,5.549919411349857,False,-7.972,0.5002291994094854,0.6932060983975727,0.4944533987389047,0.49650000000000005,0.7498854002952573,0.5979648576108795
C=CC1C=Cc2ccccc2NC(=CC)C=CC(=O)c2ccccc2S(=O)(=O)NC(=O)N1,0.5708526606729383,3,2,0.0833333333333333,True,,449.5320000000001,4.010700000000003,3,5,True,,1,104.37,green,yellow,yellow,green,6.727030044555664,6.805942535400391,4.415969422696192,False,-7.467,0.07891249084472651,0.454505007425944,0.6204478419226453,0.43337499999999995,0.9605437545776367,0.5978139403207302
Cc1ccc(F)cc1F,0.5024152947188044,1,1,0.1428571428571428,True,,128.121,2.27322,0,0,True,,0,0.0,green,yellow,green,green,6.683496665318808,7.342525005340576,1.3984010841486327,False,-6.284,0.6590283400217682,0.44724944421980134,0.9557332128723741,0.2855,0.6704858299891159,0.5973848902401223
O=C1C=CC=C(c2ccccc2Cl)C(O)COCCN1,0.829794744128871,2,1,0.2666666666666666,True,,293.75000000000006,1.7868999999999993,2,3,True,,1,58.56,green,green,green,green,6.270876672903696,6.843115329742432,3.805405338039872,False,-5.786,0.5722386568387359,0.3784794454839493,0.6882882957733476,0.22324999999999995,0.7138806715806321,0.5957862498094393
C=CC(F)=CC=CC1=C(N=CC)c2ccc(F)cc21,0.5476253993440896,2,1,0.0625,True,,257.283,4.693700000000003,0,1,True,,4,12.36,green,yellow,green,green,7.202349984645844,8.015841484069824,3.862851556006375,False,-8.928,0.8134914994239804,0.533724997440974,0.6819053826659582,0.6160000000000001,0.5932542502880098,0.5955158325339083
O=CC1(C=O)C=CC=Cc2ccccc2NCN=CC=CC1,0.6734642131370763,2,1,0.1666666666666666,True,,294.35400000000004,3.040300000000001,1,4,True,,2,58.53,green,green,green,green,6.590330037117004,6.426122665405273,4.27066945695227,False,-6.278,0.16420737171173094,0.4317216728528341,0.636592282560859,0.28474999999999995,0.9178963141441345,0.5942554056166708
CC[CH]C=CCC(=O)NC=CC1=CC=CC(CF)=CCC1,0.741129830540825,1,0,0.3333333333333333,True,,288.3860000000001,4.349190000000004,1,1,True,,7,29.1,green,green,green,green,6.175759993553162,7.1455488204956055,4.249245928124476,True,-9.303,0.9697888269424437,0.36262666559219364,0.6389726746528359,0.6628750000000001,0.5151055865287781,0.5942480473961708
CSC(=O)NC=CCC1=C2C=CC1C2c1ccccc1,0.8950190412121992,4,1,0.2352941176470588,True,,283.396,4.242800000000003,1,2,True,,4,29.1,green,green,green,green,6.168729999542236,7.323947906494141,4.838091365490451,True,-8.864,1.1552179069519042,0.36145499992370606,0.5735454038343943,0.6080000000000001,0.4223910465240479,0.5939907682249969
O=Cc1ccc(F)cc1F,0.5459580421934952,1,1,0.0,True,,142.10399999999998,1.7773,0,1,True,,1,17.07,green,yellow,green,green,6.235729989210765,6.667591571807861,1.969643725649874,False,-6.243,0.4318615825970964,0.3726216648684608,0.8922618082611251,0.28037500000000004,0.7840692087014518,0.593745926892565
Cc1cnccc1SCC(=O)CC(=O)c1ccccc1N=N,0.3624492388549956,2,2,0.1875,True,,313.38199999999995,3.986690000000002,1,6,True,,7,83.24000000000001,green,yellow,green,green,5.962309999465942,6.057225227355957,2.845471992422489,False,-9.121,0.09491522789001472,0.32705166657765705,0.7949475563975013,0.640125,0.9525423860549926,0.5936596400369045
CNC(=O)NC=CC=CNC=CC(F)c1ccc(F)cc1,0.7064028473681719,1,1,0.1333333333333333,True,,293.317,2.8960000000000017,3,2,True,,6,53.16,green,green,green,green,6.23269331963857,6.993466377258301,4.011164944285035,True,-8.43,0.7607730576197307,0.37211555327309503,0.6654261173016628,0.55375,0.6196134711901347,0.5933848725005979
CC=CC=C(C=O)NC(=O)Nc1cccc(CC)c1,0.4842840969999525,1,1,0.2,True,,258.321,3.0294000000000016,2,2,True,,5,58.2,green,yellow,green,green,6.402009311421713,6.935616970062256,2.8004022091268403,True,-8.388,0.5336076586405429,0.40033488523695215,0.7999553100970177,0.5485,0.7331961706797285,0.5933812544235922
CC=Cc1c(Br)cc(F)cccn2c1C(O)=C[SH]=NC=N2,0.7153635428056357,2,1,0.0714285714285714,True,,370.247,4.207100000000003,2,4,True,,1,49.88,green,green,green,green,6.054254005384445,6.390883445739746,4.727762075966913,False,-7.971,0.33662944035530096,0.34237566756407417,0.5858042137814541,0.496375,0.8316852798223495,0.5929761146329398
O=C(C1=C2C=CCNc3ccccc3C21)N1CCNCC1,0.8196208759125128,4,1,0.3529411764705882,True,,281.3590000000001,1.4938999999999996,2,3,True,,1,44.370000000000005,green,green,green,green,6.465120012283325,7.734872817993164,3.391639495321752,True,-7.585,1.2697528057098388,0.4108533353805542,0.7342622782975832,0.448125,0.3651235971450806,0.5926287452003969
CNC=CC=CC=CN(F)C(=O)c1ccc(F)cc1,0.6547476893763666,1,1,0.0714285714285714,True,,264.275,2.955400000000002,1,2,True,,5,32.34,green,green,green,green,5.997719993591309,6.725476264953613,3.2482704239309035,True,-8.2,0.7277562713623045,0.3329533322652181,0.7501921751187886,0.5249999999999999,0.6361218643188478,0.5919939122246596
CC(C)(C)CC1=CC1NC(=O)Sc1ccccc1C(N)=O,0.6617319302290353,2,1,0.375,True,,304.4150000000001,3.3320000000000007,2,3,True,,4,72.19,green,green,green,green,6.34806000828743,7.269672393798828,3.5825685536997067,True,-8.742,0.9216123855113985,0.3913433347145716,0.7130479384778103,0.5927500000000001,0.5391938072443008,0.5917552052062709
CNCC=CC(C=C(N=Nc1ccccc1)C(C)C)CCNC(N)=O,0.4456545453986462,1,1,0.4210526315789473,True,,343.47500000000014,3.7604000000000015,3,4,True,,10,91.87,green,yellow,yellow,green,6.732050003051758,6.856627941131592,3.911626395008089,True,-8.232,0.12457793807983375,0.455341667175293,0.6764859561102123,0.5289999999999999,0.9377110309600831,0.5916101134562857
Cc1ccc(F)cc1Br,0.5880524533551349,1,1,0.1428571428571428,True,,189.027,2.8966200000000013,0,0,True,,0,0.0,green,yellow,green,green,6.523866662343344,5.723873615264893,1.6207472379947865,False,-5.926,0.7999930470784511,0.4206444437238906,0.931028084667246,0.24075000000000002,0.6000034764607745,0.5900120447194895
CN(C(=O)NC1=CC=CON=CCCC2CCOC2CO1)c1ccccc1,0.8647428486219134,3,1,0.4,True,,371.437,3.405400000000002,1,5,True,,2,72.39000000000001,green,green,green,green,6.254590007781983,7.020123481750488,4.739907926828812,True,-7.175,0.7655334739685049,0.37576500129699725,0.5844546747967987,0.396875,0.6172332630157475,0.5895686205664395
COc1ccccc1C=O,0.575816465118545,1,1,0.125,True,,136.14999999999998,1.5076999999999998,0,2,True,,2,26.3,green,yellow,green,green,5.198800024032593,5.347043037414551,1.5756770589832063,False,-5.742,0.14824301338195767,0.19980000400543219,0.9360358823351993,0.21775,0.9258784933090212,0.5894673616608757
CC1CC=CN=CCC=NC(Nc2ccc(F)cc2F)NC1,0.8802104456338242,2,1,0.375,True,,306.36,3.335100000000001,2,4,True,,2,48.78,green,green,green,green,6.481831984059015,7.349030017852783,4.694242670904768,True,-6.888,0.8671980337937679,0.4136386640098359,0.5895285921216924,0.361,0.566400983103116,0.5892726397063137
O=C(Cl)COc1ccccc1,0.6473873386193063,1,1,0.125,True,,170.59500000000003,1.8308,0,2,True,,3,26.3,green,green,green,green,5.767266664505005,5.09870719909668,1.6546241576371798,False,-5.964,0.6685594654083253,0.2945444440841675,0.9272639824847578,0.24550000000000005,0.6657202672958373,0.5892547591872251
CN(CC=N)C(=O)Nc1cccn1C(=O)C1=CCC1,0.8116079608802803,2,1,0.3076923076923077,True,,260.297,1.96177,2,4,True,,4,78.19,green,green,green,green,6.056816667556762,7.19734001159668,3.552173203879548,True,-7.941,1.1405233440399174,0.34280277792612707,0.716425199568939,0.492625,0.4297383279800413,0.5889233448945365
O=C(Cl)c1ccc(F)cc1,0.5730334704659602,1,1,0.0,True,,158.559,2.2047,0,1,True,,1,17.07,green,yellow,green,green,5.577846648693085,6.069728851318359,1.6144693666755128,False,-6.46,0.49188220262527427,0.2629744414488475,0.931725625924943,0.3075,0.7540588986873629,0.5880184971905997
COc1ccccc1Cl,0.5850627747795066,1,1,0.1428571428571428,True,,142.58499999999998,2.3486,0,1,True,,1,9.23,green,yellow,green,green,5.35027001953125,5.712871074676514,1.1761652379947876,False,-5.525,0.3626010551452641,0.22504500325520826,0.9804260846672458,0.19062500000000004,0.818699472427368,0.587779886376835
O=C(NCC=CN=CCC=CC=C[C@@H]1CO1)c1ccccc1,0.4554155382441636,2,1,0.2222222222222222,True,,296.37,2.902200000000001,1,3,True,,8,53.99,green,yellow,green,green,6.354560020446777,6.4535417556762695,3.755878110798423,True,-8.229,0.0989817352294926,0.3924266700744628,0.6937913210223974,0.5286249999999999,0.9505091323852537,0.5876571686893208
C=CCC(=O)Cc1cc(O)ccc1NCC1=NC=NC1,0.5879240333677922,2,1,0.2666666666666666,True,,271.32000000000005,1.9747,2,5,True,,7,74.05,green,yellow,green,green,6.466315990257264,7.027472972869873,3.428221058549332,True,-7.575,0.5611569826126095,0.41105266504287724,0.7301976601611854,0.446875,0.7194215086936953,0.5866854326948742
C=CC=c1ncc(=O)c(=CCC[C@@H](CNC(C)(C)O)C(C)(C)C)cc1Cl,0.7157580809045431,1,1,0.5238095238095238,True,,378.9440000000001,2.6027,2,4,True,,7,62.22,green,green,green,green,6.507350497992833,7.091543674468994,4.6462837309515805,True,-7.691,0.5841931764761608,0.4178917496654722,0.5948573632276022,0.461375,0.7079034117619196,0.5866239727304187
CNc1ccccc1F,0.6037316458516871,1,1,0.1428571428571428,True,,125.146,1.8674,1,1,True,,1,12.03,green,green,green,green,5.553370022137959,5.962010383605957,1.5924636995332495,True,-5.653,0.40864036146799787,0.25889500368965984,0.9341707000518612,0.20662499999999995,0.7956798192660011,0.5866003101037192
CCCC1C2OCC(CF)C=CC12c1c(F)cccc1Cl,0.7330269751379397,3,1,0.5294117647058824,True,,312.78700000000003,4.687500000000004,0,1,True,,4,9.23,green,green,green,green,7.013742486000061,7.597061157226562,4.509963496057791,False,-6.321,0.5833186712265004,0.5022904143333435,0.6100040559935788,0.29012499999999997,0.7083406643867498,0.5859856903075608
CC=CC=Cc1ccc(F)cc1Cl,0.6259454491694679,1,1,0.0909090909090909,True,,196.652,4.068400000000002,0,0,True,,2,0.0,green,green,green,green,6.126079996824265,7.07703971862793,2.3884897500088265,False,-7.634,0.950959721803665,0.3543466661373775,0.8457233611101304,0.45425000000000004,0.5245201390981675,0.5856020566621001
CC(F)=CC=C1OC2(C)C=CC(c3cc(F)ccc3C)=C1NC2c1c(Cl)cccc1Cl,0.5094352357146923,5,2,0.2,True,LogP>5,460.3510000000001,7.598820000000005,1,2,True,,3,21.26,green,yellow,green,red,7.868071672439576,8.230667114257812,4.981367392879745,False,-7.571,0.3625954418182369,0.6446786120732626,0.5576258452355838,0.44637499999999997,0.8187022790908816,0.5854625845158538
CC1(C)Cc2ccc1cc2NC(=O)NC1=CN=CC=CCC1,0.8537825149499223,4,1,0.3333333333333333,True,,295.3860000000001,3.9040000000000026,2,2,True,,2,53.49,green,green,green,green,6.727244993368784,8.050155639648438,4.170972567018378,True,-7.609,1.3229106462796532,0.45454083222813074,0.6476697147757358,0.451125,0.3385446768601734,0.5847216754060668
CCNC(=O)CN=CC=CC(F)(F)F,0.6951809864320052,0,0,0.5,True,,208.183,1.3118,1,2,True,,4,41.46,green,green,green,green,6.018153308868408,6.518123149871826,3.4781313133428657,True,-6.632,0.4999698410034181,0.33635888481140136,0.7246520762952371,0.32899999999999996,0.7500150794982909,0.5840823045688345
CC1(C)C=C(c2ccccc2Cl)CSC1,0.6945223926622378,2,1,0.3846153846153846,True,,238.783,4.496400000000003,0,1,True,,1,0.0,green,green,green,green,6.040610013008117,7.125743865966797,2.915664986935784,False,-8.102,1.0851338529586796,0.34010166883468623,0.7871483347849129,0.51275,0.4574330735206602,0.583965476656824
C=CC1(F)C=C(F)C1.C=CCCN(c1ccccc1)c1ncccc1C=O,0.4610306195883668,3,2,0.1818181818181818,True,LogP>5,368.4270000000001,5.746100000000005,0,3,True,,7,33.2,green,yellow,green,yellow,6.139686689376831,6.255796432495117,3.734689955834304,False,-8.371,0.11610974311828581,0.3566144482294719,0.696145560462855,0.546375,0.9419451284408571,0.5838649539248284
C=C1CC1NC(=O)C1=CC(=CC)c2ccccc2NC=N1,0.8178735426854898,3,1,0.1764705882352941,True,,279.343,2.872300000000001,2,3,True,,2,53.49,green,green,green,green,6.628690009117126,7.969036102294922,3.923105752629233,True,-7.876,1.3403460931777955,0.43811500151952104,0.6752104719300853,0.48450000000000004,0.32982695341110224,0.5830430469694634
C=CNC(=O)C(=CN[C@H](C)CN)c1ccc(F)cc1F,0.6922800211073172,1,1,0.2142857142857142,True,,281.306,1.5022,3,3,True,,6,67.15,green,green,green,green,6.617032013976006,7.533036231994629,3.718680404772334,True,-7.533,0.9160042180186228,0.43617200232933434,0.6979243994697406,0.44162500000000005,0.5419978909906886,0.5823289392587346
CC=CNC(=O)C1=CC=COC2C(c3ccc(F)cc3Cl)=CC12,0.9094189930821374,3,1,0.1666666666666666,True,,331.774,3.9810000000000025,1,2,True,,3,38.33,green,green,green,green,6.484166330401103,8.071593284606934,4.260041391934787,True,-8.361,1.5874269542058306,0.41402772173351715,0.6377731786739125,0.5451250000000001,0.2062865228970847,0.5823153157202786
CC=CC=CC1OCNC=CC=CC1=Nc1cc(F)ccc1C(=O)OC,0.6578606098318815,2,1,0.2,True,,356.39700000000016,3.832900000000003,1,5,True,,4,59.92,green,green,green,green,6.690452641582489,7.096525192260742,4.655116296583042,True,-7.176,0.4060725506782532,0.4484087735970815,0.5938759670463287,0.397,0.7969637246608734,0.5817104576380998
CNC(=O)C(=O)NC=CC(F)Nc1ccc(F)cc1,0.5618145092172343,1,1,0.1666666666666666,True,,269.251,0.9090999999999994,3,3,True,,4,70.23,green,yellow,green,green,6.154233315467835,6.700722694396973,3.4415173990592614,True,-8.16,0.5464893789291381,0.3590388859113058,0.7287202889934155,0.52,0.726755310535431,0.5814547733152382
CN(C)CCNC(=O)C1=CC2=C(C(=O)NCc3ccccc3F)C(=CC1)c1ccccc12,0.707301567685561,4,2,0.2307692307692307,True,,431.51100000000014,3.300600000000003,2,3,True,,7,61.440000000000005,green,green,green,green,6.402896677017211,7.544201850891113,3.512820081559763,True,-8.212,1.141305173873902,0.40048277950286854,0.7207977687155819,0.5265,0.429347413063049,0.5804985019603168
CC(O)CNCCCNC1=CC=Cc2cc(Cl)ccc2OCC=COC1,0.6362155457346075,2,1,0.4,True,,378.9000000000002,3.109900000000001,3,5,True,,7,62.75,green,green,green,green,6.65035633430481,6.874362468719482,4.146314400533148,True,-5.986,0.22400613441467243,0.4417260557174683,0.6504095110518724,0.24824999999999997,0.8879969327926638,0.5804385152590132
C=C1OC(=CC=COCCC=CC=CC)NC(=O)c2cccc1c2,0.4819081014718459,2,1,0.15,True,,323.39200000000005,4.311400000000004,1,3,True,,6,47.56,green,yellow,green,green,6.879889974594116,7.134517192840576,4.451885644973096,False,-8.201,0.2546272182464602,0.4799816624323527,0.6164571505585449,0.5251250000000001,0.8726863908767699,0.5802593541255837
CCNC(C(=O)NCCN=O)c1ccc(F)cc1,0.5690665933936065,1,1,0.4166666666666667,True,,253.277,1.3589000000000002,2,4,True,,7,70.56,green,yellow,green,green,6.112814991950989,6.569321632385254,2.8867661892189656,True,-6.877,0.4565066404342648,0.3521358319918315,0.7903593123090038,0.359625,0.7717466797828676,0.5799893947914491
CC(C)(C)CC=CNC=C1C=CCNC(=O)Nc2cccc(F)c2CC=N1,0.7327695230052893,2,1,0.3333333333333333,True,,370.4720000000001,4.511200000000003,3,3,True,,3,65.52,green,green,green,green,6.942180041313171,7.769171714782715,4.2822656724334935,True,-6.768,0.8269916734695437,0.49036334021886185,0.6353038141740563,0.346,0.5865041632652281,0.5799666268283931
Cc1cc(F)ccc1C=CNC1=CC(C)(C)CNC=N1,0.8870162754031594,2,1,0.3125,True,,273.355,3.193520000000001,2,3,True,,3,36.42,green,green,green,green,6.476544982592265,8.093226432800293,3.6337836525342944,True,-7.722,1.616681450208028,0.41275749709871085,0.707357371940634,0.46525000000000005,0.191659274895986,0.5796813024900884
Cc1ccccc1OC1C=NCc2ccccc2CNC=N1,0.9244918577299124,3,2,0.2222222222222222,True,,293.36999999999995,3.1024200000000013,1,4,True,,2,45.98,green,green,green,green,5.562180028915405,6.824163436889648,4.042970682457427,False,-8.033,1.2619834079742436,0.26036333815256746,0.6618921463936192,0.5041249999999999,0.3690082960128782,0.5796386630633281
O=Cc1cc(F)ccc1SC1=CC=CC=COC1,0.7766102237038432,2,1,0.0714285714285714,True,,262.305,3.7143000000000015,0,3,True,,3,26.3,green,green,green,green,5.896933330059052,6.567534923553467,3.515388502914991,False,-6.26,0.670601593494415,0.316155555009842,0.720512388565001,0.2825,0.6646992032527925,0.5795916445570983
COc1ccccc1N1C=CC(NC=CCC=C2C=CC(F)(F)C2F)C=CC=Cc2ccncc21,0.5051273542236177,4,2,0.1785714285714285,True,LogP>5,477.5300000000001,6.656600000000005,1,4,True,,6,37.39,green,yellow,green,red,7.171916659355164,7.0733160972595215,5.250417926610702,True,-7.872,0.09860056209564227,0.528652776559194,0.5277313414876998,0.484,0.9506997189521789,0.579150187082495
CCC=CC=C(F)CCNCc1ccccc1F,0.5673881400665584,1,1,0.3333333333333333,True,,251.32,4.125000000000004,1,1,True,,7,12.03,green,yellow,green,green,5.788000038146973,6.456672191619873,2.757852530064312,True,-8.085,0.6686721534729001,0.2980000063578288,0.8046830522150764,0.5106250000000001,0.66566392326355,0.5790611378315069
CC1=CC=CC=CC=CNC(C)(C)Cc2ccccc2NCC=CN1,0.6454069811784724,2,1,0.2727272727272727,True,,335.495,4.656000000000003,3,3,True,,0,36.09,green,green,green,green,6.56104005241394,7.122573375701904,3.965035076326769,False,-7.027,0.5615333232879642,0.4268400087356567,0.6705516581859146,0.378375,0.7192333383560179,0.5789989123416308
CC=CC=CC(C)COc1ccccc1,0.6591866582737202,1,1,0.2857142857142857,True,,202.29700000000005,3.8338000000000023,0,1,True,,5,9.23,green,green,green,green,5.398145017623901,6.001919746398926,2.7990533632474257,False,-7.327,0.6037747287750248,0.2330241696039835,0.8001051818613971,0.415875,0.6981126356124876,0.5785259392964492
C=NC1=CN=CC=C(C=C2CC(=CC=CCC)N=CN=CN2)c2ccc(F)cc21,0.7200006505511559,3,1,0.1304347826086956,True,LogP>5,387.4620000000001,5.076400000000004,1,5,True,,4,61.47,green,green,green,yellow,7.592076975631714,8.329249382019043,4.5506506358069405,False,-5.704,0.7371724063873293,0.5986794959386189,0.6054832626881177,0.21299999999999997,0.6314137968063354,0.5777689470184925
Cc1ccc(F)cc1Cl,0.5254122320079381,1,1,0.1428571428571428,True,,144.57600000000002,2.7875200000000016,0,0,True,,0,0.0,green,yellow,green,green,6.565422508398692,7.431342124938965,1.4118664687640177,False,-5.976,0.8659196165402729,0.42757041806644863,0.9542370590262202,0.247,0.5670401917298635,0.5775324351313088
CC=CNc1ccccc1OC(=O)C(F)(F)Cl,0.51301347647046,1,1,0.1818181818181818,True,,261.655,3.369100000000002,1,3,True,,4,38.33,green,yellow,green,green,5.961329988161722,6.240885257720947,2.847914407927512,True,-6.982,0.27955526955922494,0.32688833136028705,0.7946761768969431,0.37275,0.8602223652203875,0.5772459343969664
CNC(=O)c1c(F)cccc1F,0.6779825195544886,1,1,0.125,True,,171.146,1.3244,1,1,True,,1,29.1,green,green,green,green,5.9689099982579545,7.063634872436523,1.7476184844847609,True,-6.375,1.094724874178569,0.32815166637632576,0.9169312795016933,0.296875,0.45263756291071555,0.576785667475918
COC=C(F)NC(=O)OC=CCOCc1cccc(F)c1,0.4775468296024078,1,1,0.2142857142857142,True,,299.273,2.9970000000000017,1,4,True,,7,56.790000000000006,green,yellow,green,green,6.172324336194992,6.353471755981445,3.238113763848075,True,-7.21,0.18114741978645288,0.36205405603249874,0.7513206929057694,0.40125,0.9094262901067736,0.5762291353495601
O=C(F)c1ccc(F)cc1,0.5473440468016455,1,1,0.0,True,,142.10399999999998,1.9354,0,1,True,,1,17.07,green,yellow,green,green,5.611496654351553,6.0456743240356445,1.9315668025729504,False,-6.331,0.4341776696840913,0.26858277572525885,0.8964925774918944,0.29137500000000005,0.7829111651579543,0.5758186359921299
COC=Cc1cccc(C=O)c1,0.5023066589747764,1,1,0.1,True,,162.188,2.1162,0,2,True,,3,26.3,green,yellow,green,green,5.99537664604187,5.739049911499023,2.420965090819603,False,-6.219,0.2563267345428466,0.3325627743403117,0.842114989908933,0.27737500000000004,0.8718366327285767,0.5749997119982762
CCCNC(=O)c1cc2c(F)cc1C=CC=CC=CCCN2CCC,0.8402180455956499,3,1,0.3809523809523809,True,,342.4580000000002,4.711200000000004,1,2,True,,5,32.34,green,green,green,green,6.502830000241597,7.614334106445312,4.073116131074039,True,-6.671,1.1115041062037143,0.41713833337359957,0.6585426521028845,0.33387500000000003,0.44424794689814284,0.574836283134075
C=CC=CC(NCC(=O)C=CCCl)c1ccccc1Cl,0.4452520404222261,1,1,0.1875,True,,310.22400000000005,4.077000000000004,1,2,True,,8,29.1,green,yellow,green,green,6.608589991569519,6.518932342529297,3.8234754597173897,True,-7.233,0.08965764904022233,0.43476499859491985,0.6862805044758455,0.40412499999999996,0.9551711754798888,0.5737305622654852
CCC1=CC(N)(C(C)(C)C)NC=CC=C(c2ccc(F)cc2F)C=CC=CC=C1N,0.6056378532705124,2,1,0.28,True,LogP>5,411.5400000000001,5.457600000000005,3,3,True,,2,64.07,green,green,green,yellow,7.196456653118133,7.900347709655762,4.560064227109742,False,-7.471,0.7038910565376284,0.5327427755196888,0.6044373080989176,0.433875,0.6480544717311858,0.5713567662059732
COCCC=CC(=O)N(C)c1c(F)cccc1F,0.5973932977499488,1,1,0.3076923076923077,True,,255.264,2.5203000000000007,0,2,True,,5,29.54,green,yellow,green,green,6.009539987564087,6.872336387634277,2.6583532595868906,True,-7.489,0.8627964000701906,0.33492333126068113,0.8157385267125677,0.436125,0.5686017999649047,0.570976642362501
C=CC(=O)c1ccccc1NC(=O)C=C1C=CC=COC1,0.681478836472154,2,1,0.0588235294117647,True,,281.31100000000004,3.020300000000001,1,3,True,,4,55.400000000000006,green,green,green,green,6.015610007286072,6.893000602722168,3.1945290050475537,True,-7.168,0.8773905954360961,0.33593500121434533,0.7561634438836051,0.396,0.561304702281952,0.5701932756741016
COC(=O)c1ccc(C)cc1N=C(N)C(=O)C=N,0.4697370359679044,1,1,0.1666666666666666,True,,247.254,0.98899,2,5,True,,4,105.6,green,yellow,yellow,green,6.593308994865418,7.139838695526123,3.04447504137653,True,-7.417,0.546529700660705,0.432218165810903,0.7728361065137189,0.427125,0.7267351496696475,0.5701659412330335
NC(=O)C=CC=C(Br)C(=O)NCC1CC1,0.5750204335902679,1,0,0.4,True,,273.13000000000005,0.8329,2,2,True,,5,72.19,green,yellow,green,green,5.751206656455993,6.148703098297119,3.1636585034193008,True,-7.069,0.39749644184112576,0.2918677760759989,0.7595934996200777,0.383625,0.8012517790794371,0.5697585553797018
O=C1CC=CC=COC=C(O)c2ccccc2COC1,0.7880349323798848,2,1,0.1875,True,,272.3,3.118900000000001,1,4,True,,0,55.760000000000005,green,green,green,green,5.8236900281906125,6.395374298095703,3.7371353119341393,False,-5.645,0.5716842699050906,0.30394833803176874,0.6958738542295401,0.20562499999999995,0.7141578650474547,0.5697342940158281
NC=CC(C=COC1=CC=CCC=CCC1)C(=O)Nc1ccccc1,0.5966938779535116,2,1,0.1904761904761904,True,,336.435,4.424200000000004,2,3,True,,6,64.35,green,yellow,green,green,6.316976655642191,6.635567665100098,4.373620707836224,True,-7.232,0.31859100945790697,0.38616277594036513,0.6251532546848639,0.404,0.8407044952710465,0.5694000126383238
CO[SH](CC12COCCOC1N1Cc3ccc1cc32)c1ccc(F)cc1,0.830292872164308,7,2,0.4,True,,375.465,3.391700000000002,1,4,True,,4,30.93,green,green,green,green,6.409038658714295,6.937589645385742,5.627196730423505,False,-6.648,0.5285509866714468,0.4015064431190492,0.48586702995294384,0.33099999999999996,0.7357245066642766,0.5693499401527642
N=CCC1=CC=CC=C(N=CC=O)c2ccccc2NC1,0.6560610769282865,2,1,0.1176470588235294,True,,279.343,3.244970000000001,2,4,True,,4,65.31,green,green,green,green,6.626670057296753,7.106742858886719,4.329671533722271,False,-6.465,0.4800728015899658,0.43777834288279216,0.630036496253081,0.308125,0.7599635992050171,0.5692933517526528
C=CC=CCC(=O)NC1=C(OC(=O)CCCOC)C(C)=CC=CCN1,0.3809969254038324,1,0,0.3684210526315789,True,,346.427,2.4795,2,5,True,,9,76.66,green,yellow,green,green,7.075197499752044,7.057696342468262,3.5309244229898296,True,-6.295,0.017501157283782653,0.5125329166253407,0.7187861752233522,0.286875,0.9912494213581087,0.5691710216855806
CCOc1cc2cc(c1)C1=CC1=CC=CNc1ccccc1C2=O,0.8813635092881263,4,2,0.0952380952380952,True,,315.37200000000007,4.578900000000004,1,3,True,,2,38.33,green,green,green,green,6.33939334487915,7.749518394470215,4.051876733092646,False,-7.207,1.4101250495910644,0.38989889081319173,0.6609025852119281,0.400875,0.2949374752044678,0.5679181730683222
CC(C)(N)c1ccc(F)cc1NCCN=O,0.5959302342641846,1,1,0.4545454545454545,True,,225.267,2.1978,2,4,True,,5,67.47999999999999,green,yellow,green,green,6.318411650419235,7.050487518310547,2.8569649333089746,True,-6.562,0.7320758678913117,0.3864019417365392,0.7936705629656695,0.32025000000000003,0.6339620660543441,0.567812397562923
O=C(C=CC=CC1=Cc2ccccc2CC(=O)C=CNC1)Cc1ccncc1,0.6451201860497684,3,2,0.125,True,,370.4520000000001,3.617700000000002,1,4,True,,5,59.06,green,green,green,green,5.903853331883748,6.527441501617432,3.660846450478832,False,-7.371,0.6235881697336838,0.3173088886472913,0.7043503943912409,0.42137500000000006,0.6882059151331581,0.5672665601096843
Cc1ccc(Cl)cc1F,0.5254122320079381,1,1,0.1428571428571428,True,,144.576,2.7875200000000007,0,0,True,,0,0.0,green,yellow,green,green,6.500376670440039,7.417486190795898,1.4255568533794012,False,-5.714,0.9171095203558597,0.4167294450733398,0.9527159051800665,0.21425000000000005,0.5414452398220702,0.5662322092849796
O=C(Cl)OCC=CC=CCC(F)F,0.5148375179676302,0,0,0.375,True,,210.607,3.129400000000002,0,2,True,,5,26.3,green,yellow,green,green,5.9479546538194015,5.983475685119629,3.561056453305529,True,-6.433,0.035521031300227435,0.32465910896990025,0.7154381718549412,0.304125,0.9822394843498863,0.5654554169021058
O=CCNC(=O)C1=CC=CCC(NC(=O)OCC=Cc2ccc[nH]2)=C1,0.6588559517553136,2,1,0.1666666666666666,True,,341.367,1.8394,3,4,True,,7,100.29000000000002,green,green,yellow,green,5.992801671187082,6.73585844039917,3.6057762361766414,True,-7.316,0.743056769212088,0.3321336118645137,0.7104693070914843,0.4145,0.628471615393956,0.5652037793936956
O=C1CC=CC=C(Cl)OC=CC=CNC(=O)Nc2cccc(F)c2CC=CNCN1,0.502180509300848,2,1,0.1428571428571428,True,,432.88300000000015,3.7508000000000017,4,4,True,,0,91.49,green,yellow,yellow,green,6.836320025444031,7.164833068847656,4.439291772709428,False,-7.436,0.32851304340362564,0.4727200042406718,0.6178564696989525,0.4295,0.8357434782981872,0.5643397673428125
C=CC=CNC1=CN=C(SC)Cc2ccccc2NSCCN=CC=C1,0.5792371759893404,2,1,0.2,True,,384.57400000000007,4.822000000000004,2,6,True,,3,48.78,green,yellow,green,green,6.594343364874521,6.786780834197998,4.691067378196784,True,-6.637,0.19243746932347694,0.43239056081242017,0.5898814024225796,0.32962499999999995,0.9037812653382615,0.5637686965662032
CC1=CC=CC(=O)CC(C(=O)NC=CC(N)C=Cc2ccccc2C)=CC=CNC1=O,0.6854501148351326,2,1,0.16,True,,417.5090000000002,2.997020000000001,3,4,True,,5,101.29,green,green,yellow,green,6.583059991836548,7.27622652053833,4.574858917059152,True,-7.069,0.6931665287017816,0.43050999863942474,0.6027934536600943,0.383625,0.6534167356491092,0.5637191521990581
COc1ccccc1,0.5316253154127668,1,1,0.1428571428571428,True,,108.13999999999996,1.6952,0,1,True,,1,9.23,green,yellow,green,green,5.121510029792786,4.6727447509765625,1.0,False,-5.428,0.4487652788162233,0.18691833829879764,1.0,0.1785,0.7756173605918883,0.5634076006017344
C=C1C=CC=CC(C=CNCC)NC(=O)Nc2ccccc2Nc2ccccc21,0.5874399332652553,3,2,0.125,True,LogP>5,386.4990000000001,5.182700000000003,4,3,True,,3,65.19,green,yellow,green,yellow,6.564880040804545,7.124566078186035,4.237771063359944,True,-7.303,0.55968603738149,0.42748000680075754,0.6402476596266728,0.412875,0.720156981309255,0.5623726967795218
O=CC1=NC2C(=O)N=C(c3ccccc3)Nc3cnccc3CN=C12,0.8423278327354027,4,2,0.1111111111111111,True,,331.3350000000001,1.4435999999999998,1,6,True,,2,96.14,green,green,yellow,green,6.071306025123596,7.248410224914551,4.209585512894179,False,-7.207,1.1771041997909544,0.34521767085393273,0.6433793874562024,0.400875,0.4114479001045228,0.5623187742343663
CC=CC=C(F)c1ccc(Br)cc1,0.6755188104587346,1,1,0.0909090909090909,True,,241.103,4.335600000000002,0,0,True,,2,0.0,green,green,green,green,5.040635018110275,5.744659423828125,2.7279897500088257,False,-7.169,0.70402440571785,0.17343916968504583,0.8080011388879083,0.39612499999999995,0.647987797141075,0.562184740844831
O=Cc1ccc(Cl)cc1F,0.5734796593256095,1,1,0.0,True,,158.55899999999997,2.2916,0,1,True,,1,17.07,green,yellow,green,green,6.039460007349651,6.735056877136231,1.9937821871883337,False,-5.614,0.6955968697865806,0.3399100012249418,0.889579756979074,0.20174999999999998,0.6522015651067097,0.5618395890871657
O=C1NCCCCC=CC=C1C(=O)OCc1c(Cl)cccc1Cl,0.6632572572573188,2,1,0.2941176470588235,True,,354.23300000000006,3.819300000000003,1,3,True,,3,55.400000000000006,green,green,green,green,6.063279986381531,7.134363174438477,3.111728050993784,True,-7.532,1.0710831880569458,0.3438799977302551,0.7653635498895796,0.4415,0.4644584059715271,0.5618249622285046
C=CC=Cc1cnccc1COC1=C(O)C1,0.7676381646047405,2,1,0.1538461538461538,True,,215.25199999999995,2.970700000000001,1,3,True,,5,42.35,green,green,green,green,5.408679999351501,6.415065288543701,3.2843484753483327,False,-7.287,1.0063852891921998,0.2347799998919169,0.7461835027390742,0.410875,0.4968073554039001,0.5615637701249221
CS(=O)C=CC=Cc1ccccc1F,0.7009801310796536,1,1,0.0909090909090909,True,,210.273,2.7311000000000014,0,1,True,,3,17.07,green,green,green,green,5.25343001651764,5.948076248168945,3.3434866151913782,False,-7.284,0.6946462316513049,0.20890500275294008,0.7396125983120692,0.4105,0.6526768841743475,0.5614057155246708
C=Nc1cc(C)ccc1NC(=O)C(=O)NC(=CC=COC)C(F)(F)F,0.3687997443653972,1,1,0.1875,True,,355.31600000000003,2.988120000000001,2,4,True,,5,79.79,green,yellow,green,green,6.783654981136322,7.050256729125977,3.449832636865506,True,-7.416,0.26660174798965475,0.46394249685605365,0.7277963736816104,0.42700000000000005,0.8666991260051726,0.5609923977837386
CC1C=CC=CC(=O)NCN=CCc2ccccc2C=CCC[C@@H]1O,0.7623781469638083,2,1,0.3333333333333333,True,,338.4510000000001,3.2900000000000023,2,3,True,,0,61.69,green,green,green,green,6.04304602508545,6.7920427322387695,4.532324121323226,False,-6.974,0.7489967071533199,0.34050767084757494,0.6075195420751971,0.37175,0.62550164642334,0.5601637033927673
NC(=O)c1ccccocc2c1C=CC(CCN=O)=CC=COCOCC=N2,0.7933959202385424,2,1,0.2,True,,383.4040000000001,3.819300000000003,1,7,True,,4,116.48,green,green,yellow,green,5.920589988708496,6.59267520904541,4.533178991650398,True,-6.468,0.6720852203369141,0.32009833145141603,0.6074245564832892,0.3085,0.663957389831543,0.5600933939454725
Cc1ccc(F)cc1C(=O)C(=O)Br,0.45453722813517,1,1,0.1111111111111111,True,,245.047,2.23832,0,2,True,,2,34.14,green,yellow,green,green,6.714146659851075,6.008939743041992,2.3064171255744377,False,-6.398,0.7052069168090824,0.4523577766418458,0.8548425416028402,0.29974999999999996,0.6473965415954588,0.5598884790021905
CC=CC=CNC(=O)C[CH]NS(C)=O,0.6383561857926664,0,0,0.3333333333333333,True,,215.29800000000003,0.62739,2,2,True,,6,58.2,green,green,green,green,6.250530010223389,6.13079309463501,4.7550804177451,True,-6.035,0.11973691558837896,0.37508833503723144,0.5827688424727666,0.254375,0.9401315422058105,0.5594749054046761
COCC(=O)c1cccn1C=O,0.4800620190124013,1,1,0.25,True,,167.16399999999996,0.3555,0,4,True,,4,48.3,green,yellow,green,green,5.794899993896484,5.758021354675293,2.9877177851840617,False,-5.981,0.03687863922119128,0.29914999898274736,0.779142468312882,0.24762499999999998,0.9815606803894044,0.5590089736862809
CC1=CC=COCC=CC=CC(F)=CCc2cc(F)ccc2N1,0.7108127039180295,2,1,0.1578947368421052,True,LogP>5,315.363,5.193600000000004,1,2,True,,0,21.26,green,green,green,yellow,6.273268011426926,7.173448085784912,3.996963822914172,False,-6.99,0.9001800743579862,0.37887800190448767,0.667004019676203,0.37375,0.5499099628210069,0.5587787757026068
C=CC=CCNc1ncno1,0.6572241787577053,1,1,0.1428571428571428,True,,151.16899999999998,1.2236999999999998,1,4,True,,4,50.95,green,green,green,green,5.659135021209717,5.8164825439453125,3.84760033629723,True,-5.6,0.15734752273559582,0.2765225035349528,0.6835999626336411,0.19999999999999996,0.9213262386322021,0.5587094718496575
O=CC1=CNC(=O)C2=CC=CCC2NC=Cc2ncccc2N1,0.6845383638718403,3,1,0.1176470588235294,True,,308.341,1.4788,3,5,True,,1,83.12,green,green,green,green,6.788950039863586,7.40949821472168,4.867291953848142,False,-6.588,0.6205481748580937,0.464825006643931,0.5703008940168732,0.3235,0.6897259125709532,0.5586587026866076
O=C1C=CC(C(=O)NC2CC2)=CC=CCC1,0.7643409854892073,2,0,0.3846153846153846,True,,217.268,1.6666999999999998,1,2,True,,2,46.17,green,green,green,green,6.407061675278345,7.444621562957764,3.377485392421537,True,-5.651,1.0375598876794188,0.40117694587972413,0.735834956397607,0.20637499999999998,0.4812200561602906,0.558418633071692
Cc1ccccc1C(=O)NC=NC=N,0.5468638598843529,1,1,0.1,True,,189.218,1.36019,2,2,True,,3,65.31,green,yellow,green,green,6.342880013465881,7.134142875671387,3.004455733621132,True,-7.077,0.7912628622055058,0.3904800022443135,0.7772826962643187,0.384625,0.6043685688972471,0.5574816748206177
CCNC(=O)c1cc2c3cc1[nH]cnn2C=CC=CC3=O,0.8824806506087706,4,3,0.1333333333333333,True,,282.30300000000005,1.8995,2,4,True,,2,79.78,green,green,green,green,6.315759972095489,7.517026901245117,4.416906703358964,True,-6.376,1.2012669291496278,0.38595999534924824,0.6203436996267817,0.29700000000000004,0.3993665354251861,0.5573530669425156
FC(F)(F)c1cncnn1,0.5493799493060058,1,1,0.25,True,,149.075,0.8903999999999996,0,3,True,,0,38.67,green,yellow,green,green,5.527724681345621,5.224946022033691,3.018848853855001,False,-6.506,0.3027786593119295,0.25462078022427015,0.7756834606827776,0.31325000000000003,0.8486106703440353,0.5564691090936552
COC=CC=Nc1cc(F)ccc1Cl,0.5575288725954204,1,1,0.1,True,,213.639,3.3415000000000017,0,2,True,,3,21.59,green,yellow,green,green,6.212109988768896,6.821726322174072,2.9918805856921384,False,-6.351,0.6096163334051763,0.3686849981281493,0.7786799349230957,0.293875,0.6951918332974119,0.5561492264998706
CC=c1cc2[nH]c(=O)[nH]c3ccccc3c(C)ccc(F)c1=CC=CC=CC=N2,0.7062052271675455,3,2,0.0833333333333333,True,,387.4580000000001,3.9617200000000032,2,2,True,,0,61.01,green,green,green,green,6.631656652450562,7.189021110534668,4.558979998512109,False,-5.731,0.5573644580841064,0.4386094420750936,0.604557777943099,0.21637499999999998,0.7213177709579468,0.5560665553363718
CCCC=CC1=CCCCOC=CC=CNCNCN=NC=NC(=O)Cc2ccc(F)cc2CC=N1,0.6061270427899833,2,1,0.3703703703703703,True,LogP>5,494.6150000000003,5.1608000000000045,2,7,True,,3,99.8,green,green,yellow,yellow,6.657827497561772,7.192906379699707,4.801027652910133,False,-7.238,0.5350788821379346,0.4429712495936287,0.5776635941210964,0.40475000000000005,0.7324605589310327,0.5551234929861506
C=C1C=CC(c2ccc(Cl)cc2Cl)N=CON=CNCCOC1,0.8356596570012607,2,1,0.25,True,,354.23700000000014,3.754900000000002,1,5,True,,1,55.21000000000001,green,green,green,green,6.44513998444875,7.561949729919434,4.908380180546816,False,-7.036,1.1168097454706833,0.40752333074145836,0.5657355354947982,0.37949999999999995,0.4415951272646583,0.5550177333620051
C[C@@H]1CC2(NC(=O)c3ccc(F)cc3F)CC=CCC=CCC1CCNC2,0.7551941209665346,3,1,0.5,True,,374.4750000000002,4.365400000000004,2,2,True,,2,41.13,green,green,green,green,6.765598642587662,7.394628047943115,5.202853415396747,True,-6.02,0.6290294053554533,0.46093310709794366,0.5330162871781392,0.25249999999999995,0.6854852973222734,0.5549370180540982
O=S1C[CH]C=C(Nc2ccccc2)C(Cl)C1,0.8222644121923144,2,1,0.25,True,,254.762,2.5563900000000004,1,2,True,,2,29.1,green,green,green,green,5.561556684176128,6.193948745727539,4.252924393254487,False,-5.854,0.6323920615514114,0.26025944736268797,0.638563956305057,0.23175,0.6838039692242943,0.5545920769805246
CC1([S+]F)C=CNC(=O)CC=C1OCc1ccc2cc1CC=C2,0.8593863879874737,3,1,0.2777777777777778,True,,331.41200000000003,3.4158000000000026,1,3,True,,4,38.33,green,green,green,green,6.207960005760193,7.054807662963867,5.41584430147706,False,-6.764,0.846847657203674,0.3679933342933655,0.5093506331692155,0.34550000000000003,0.576576171398163,0.5540943478575698
O=C1CC=CC=CC(F)=CCNc2ccc(Cl)cc2N=CN1,0.7617568049147874,2,1,0.125,True,,319.767,3.897400000000002,2,3,True,,0,53.49,green,green,green,green,6.238804998397828,7.203743934631348,4.033742911622599,False,-6.431,0.9649389362335192,0.3731341663996381,0.6629174542641556,0.303875,0.5175305318832404,0.5540062278571495
CC(N)c1ncccc(Nc2cc3ccc2CC3(C)C)[nH]cnc2ccccc2c(=O)nn1,0.5622139008562073,5,3,0.24,True,,441.5390000000001,3.953900000000002,3,7,True,,3,122.47,green,yellow,yellow,green,6.34316617905526,6.542144775390625,4.811570397536075,True,-6.979,0.1989785963353654,0.39052769650920993,0.5764921780515473,0.372375,0.9005107018323173,0.5537149143036282
CC1CC=CC(NC(=O)CC=CC2C=CCC2(C)F)SC=NC1,0.7874069889810213,2,0,0.5555555555555556,True,,336.47600000000006,4.036800000000003,1,3,True,,4,41.46,green,green,green,green,6.549809994697571,7.190979957580566,5.917743796642473,True,-7.009,0.6411699628829952,0.4249683324495952,0.45358402259528086,0.37612500000000004,0.6794150185585024,0.55357242216777
Cc1cc2cc3c1N1Cc4ccc(F)cc4NC4(C2)NCCOC4=CC=NC31,0.7399318561207799,9,2,0.3181818181818182,True,,376.4350000000001,3.405320000000001,2,5,True,,0,48.89,green,green,green,green,8.128629965782165,8.304482460021973,6.787197250316825,False,-4.184,0.1758524942398072,0.6881049942970275,0.3569780832981305,0.02300000000000002,0.9120737528800964,0.5521095466461475
O=CCCCc1c2cccncnnccnn1C=NC=C2,0.6232291779513209,2,1,0.2,True,,296.33400000000006,1.6991999999999998,0,7,True,,4,85.92,green,green,green,green,5.769200022697449,5.800187110900879,4.7989969228067135,False,-6.389,0.03098708820342999,0.2948666704495748,0.577889230799254,0.29862500000000003,0.984506455898285,0.5517226546623015
C1=CCN=C(Sc2ccccc2)N=CC=COCC=C1,0.7843602245550586,2,1,0.125,True,,284.38400000000007,3.8618000000000032,0,4,True,,1,33.95,green,green,green,green,5.411190030097962,6.208990097045898,4.03237502015695,False,-6.752,0.7978000669479366,0.2351983383496603,0.6630694422047834,0.344,0.6010999665260317,0.5506620793387973
O=C1C=CCCc2cc(F)ccc2CN=CNC=CC=CN1,0.7734350819436346,2,1,0.1764705882352941,True,,299.349,2.589600000000001,2,3,True,,0,53.49,green,green,green,green,6.16660500073433,7.274306774139404,3.8957415723368847,False,-6.585,1.1077017734050747,0.3611008334557216,0.6782509364070128,0.323125,0.44614911329746265,0.5505327882734257
CC(C)C=C1C=CC=CCN=CC=NC2=NC12Nc1ccc(Cl)cc1Cl,0.7454918511281148,3,1,0.25,True,LogP>5,387.3140000000001,5.363700000000004,1,4,True,,3,49.11,green,green,green,yellow,7.07441498072942,8.085667610168457,4.871696338163085,False,-6.319,1.0112526294390367,0.5124024967882367,0.5698115179818795,0.289875,0.49437368528048165,0.5489436444272182
C=CC1C=NCNc2ccccc2CC(C)=CC=COC2C(O)=CC2=C1,0.7226395466552038,3,1,0.2272727272727272,True,,348.4460000000001,4.712200000000004,2,4,True,,1,53.85000000000001,green,green,green,green,6.586050046920777,7.269753456115723,5.139158297687168,False,-6.518,0.6837034091949459,0.4310083411534628,0.5400935224792035,0.31475,0.6581482954025271,0.5478196798246734
C=NC=c1ccc#cncc2n1CN=NC(NC(=O)[C@H](C)N)C=CC=2,0.731984977491452,2,1,0.2352941176470588,True,,337.38700000000006,-0.4040199999999982,2,7,True,,3,110.02,green,green,yellow,yellow,6.48296867055893,6.353091239929199,6.283028590445653,True,-5.994,0.12987743062973056,0.41382811175982165,0.41299682328381637,0.24924999999999997,0.9350612846851347,0.5466577652485516
FC1=C2N=CCC(=Cc3cnccc3CNOCC1)c1cc2ccc1F,0.7681291945216066,4,2,0.2,True,,353.37200000000007,4.298800000000003,1,4,True,,0,46.510000000000005,green,green,green,green,6.7536050243377685,7.457962512969971,5.1571584368320815,False,-5.582,0.7043574886322022,0.45893417072296144,0.5380935070186577,0.19774999999999998,0.6478212556838989,0.5451781978822432
O=CN=CCC(=O)Nc1ccc2cc1NCCCNCOC=C2,0.5794334448521296,2,1,0.3125,True,,316.36100000000005,1.5924,3,5,True,,4,91.82,green,yellow,yellow,green,6.545266671657562,6.778353691101074,5.047670436536031,True,-6.342,0.23308701944351196,0.42421111194292704,0.5502588403848854,0.29274999999999995,0.883456490278244,0.5436962672395758
O=Cc1ccccc1F,0.5198989180006277,1,1,0.0,True,,124.11399999999998,1.6382,0,1,True,,1,17.07,green,yellow,green,green,5.217840014457702,5.767664432525635,1.7590329303024816,False,-5.84,0.5498244180679324,0.2029733357429504,0.9156630077441688,0.22999999999999998,0.7250877909660338,0.5427483172296943
O=NC12C=CC(Cl)=CC1C(P)Oc1ccccc1NC2,0.6378482931520458,3,1,0.2857142857142857,True,,308.70500000000004,3.506000000000002,1,4,True,,1,50.69,green,green,green,green,6.62614001750946,7.023417472839356,4.968627299370864,False,-5.885,0.39727745532989633,0.43769000291824334,0.5590414111810151,0.23562499999999997,0.8013612723350518,0.5423083675171717
CC[C@H]1NCCNCCNc2cccc(NC=O)c21,0.6202397142838396,2,1,0.5,True,,262.357,1.3106999999999995,4,4,True,,3,65.19,green,green,green,green,6.376280029296875,6.896814346313477,3.919129770677921,True,-5.495,0.5205343170166019,0.3960466715494791,0.6756522477024532,0.186875,0.739732841491699,0.5421735010302239
CSC=NCc1ccccc1,0.4950758982454579,1,1,0.2222222222222222,True,,165.261,2.5779000000000005,0,2,True,,3,12.36,green,yellow,green,green,5.103730038642883,5.168450355529785,2.755277259374152,True,-5.876,0.06472031688690194,0.18395500644048055,0.804969193402872,0.23450000000000004,0.967639841556549,0.5421232504336609
CCS(=O)CC(=O)CCCCCF,0.5704557166066138,0,0,0.8888888888888888,True,,208.29799999999992,1.854,0,2,True,,8,34.14,green,yellow,green,green,5.562080006599427,5.7566752433776855,3.403366557191921,False,-5.531,0.19459523677825885,0.2603466677665711,0.7329592714231199,0.19137499999999996,0.9027023816108706,0.5420346878023782
NC1C2=CC=C(COCCC=CC=CNC(=O)CSC2)Nc2ccccc21,0.6410552972923318,3,1,0.2857142857142857,True,,383.5170000000001,3.261800000000002,3,5,True,,0,76.38,green,green,green,green,6.546480036258697,6.938326835632324,5.326872146725775,True,-6.417,0.391846799373627,0.42441333937644954,0.5192364281415804,0.302125,0.8040766003131865,0.540885839280746
CC=CCCCNCCCOC,0.4451248950601665,0,0,0.8,True,,171.284,1.9688,1,2,True,,8,21.26,green,yellow,green,green,5.739080020427704,5.91926908493042,2.367013959597884,True,-5.165,0.18018906450271555,0.28984667007128406,0.8481095600446795,0.145625,0.9099054677486422,0.5396075179527646
N#CC(=O)NC1=CC=CC1,0.5297820322367129,1,0,0.1428571428571428,True,,134.13799999999995,0.46998,1,2,True,,1,52.89,green,yellow,green,green,5.7361100058555605,5.618095874786377,3.642690245796393,True,-5.633,0.11801413106918357,0.2893516676425934,0.7063677504670675,0.204125,0.9409929344654082,0.538675469374275
Nc1ccccc1Br,0.5949453623603692,1,1,0.0,True,,172.02499999999998,2.0313,1,1,True,,0,26.02,green,yellow,green,green,4.812130071640015,4.046877384185791,1.6787915470981378,False,-6.047,0.7652526874542236,0.13535501194000243,0.9245787169890958,0.25587499999999996,0.6173736562728882,0.5379393206662999
C=C1C=CC=COC(=COC(C)NCC)CNc2cc(F)ccc21,0.6423603380666691,2,1,0.2631578947368421,True,,330.403,4.164400000000003,2,4,True,,4,42.52,green,green,green,green,6.714513804952304,7.351108551025391,4.706675371168102,True,-5.928,0.6365947460730865,0.4524189674920507,0.5881471809813219,0.241,0.6817026269634567,0.5365160673049264
Fc1cccc2nn(cc1)CC=CNOC2,0.724291597509216,2,1,0.1818181818181818,True,,221.235,1.6950999999999998,1,4,True,,0,39.08,green,green,green,green,5.695958006668091,6.011260032653809,4.954083921869711,False,-5.594,0.31530202598571755,0.28265966777801516,0.5606573420144765,0.19925000000000004,0.8423489870071412,0.5340090164875974
CNC(=O)C=CCF,0.5162172674427908,0,0,0.4,True,,117.123,0.2580999999999999,1,1,True,,2,29.1,green,yellow,green,green,5.9589600095748905,6.146599769592285,3.2593632753698643,True,-4.755,0.18763976001739469,0.3264933349291484,0.748959636070015,0.09437499999999999,0.9061801199913027,0.5316761608627265
O=C1CC=C=NCCCCC(=O)NC=CCSC=CC=N1,0.7459744469928464,1,0,0.4,True,,305.403,2.2605000000000004,1,4,True,,0,70.89,green,green,green,green,5.772520018100739,6.098769187927246,5.024562328173723,False,-5.172,0.3262491698265073,0.2954200030167898,0.5528264079806975,0.14649999999999996,0.8368754150867463,0.5312905266097558
CC=c1c2c3ccccc(=O)n4c1=CC2(C#[N+]C=C4)CCCNCN=CCN3,0.7217180819071928,4,1,0.3181818181818182,True,,374.4680000000001,1.4032999999999998,2,5,True,,0,62.78,green,green,green,green,6.572440012931824,6.513700008392334,6.877310328902984,False,-5.748,0.05874000453948991,0.428740002155304,0.34696551901077954,0.21850000000000003,0.970629997730255,0.5312884003200922
COCC(=O)NC=O,0.4774826486225607,0,0,0.5,True,,117.10399999999998,-1.0945999999999998,1,3,True,,3,55.4,green,yellow,green,yellow,5.907530001640319,5.776345252990723,2.747820418227006,True,-4.234,0.13118474864959673,0.31792166694005325,0.8057977313081105,0.029249999999999998,0.9344076256752016,0.5289530722219586
CC(C)=O,0.3982369618339747,0,0,0.6666666666666666,True,,58.080000000000005,0.5952999999999999,0,1,True,,0,17.07,green,yellow,green,green,5.50260999584198,5.612493991851807,1.6549326618525964,False,-3.023,0.10988399600982657,0.2504349993069967,0.9272297042386004,0.0,0.9450580019950867,0.5232123666788061
O=c1[nH]cc(CF)o1,0.5795552865396457,1,1,0.25,True,,117.079,0.4374,1,2,True,,1,46.0,green,yellow,green,green,5.2583400249481205,5.342552185058594,3.892791547098137,False,-5.196,0.08421216011047328,0.2097233374913534,0.6785787169890959,0.14949999999999997,0.9578939199447634,0.5225872563721705
CC(=O)N(C)CC=O,0.4617122908014958,0,0,0.6,True,,115.132,-0.3364,0,2,True,,2,37.38,green,yellow,green,green,5.691579993247986,5.758734226226807,2.859654484161073,True,-4.313,0.06715423297882062,0.28192999887466436,0.793371723982103,0.039124999999999965,0.9664228835105897,0.520989185997421
N#COCC=CC1=COC2=CC=COCC1c1ccccc1N2,0.6833219137671381,4,1,0.1666666666666666,True,,308.337,3.5353800000000017,1,5,True,,3,63.510000000000005,green,green,green,green,6.358160039901733,6.656155586242676,5.662075570668735,False,-5.068,0.2979955463409425,0.39302667331695557,0.48199160325902946,0.13349999999999995,0.8510022268295288,0.5176090479443624
N=CCC1=NC=CC=CC2=C(N=CNCC=CCc3cc(F)ccc32)Nc2ccc(F)cc21,0.4302696315765257,4,2,0.1153846153846153,True,LogP>5,443.5010000000001,5.387970000000004,3,5,True,,2,72.63,green,yellow,green,yellow,7.696171332550048,7.983877658843994,4.343453250932862,False,-3.691,0.28770632629394655,0.6160285554250079,0.6285051943407931,0.0,0.8561468368530267,0.5163214430922853
CC(N)=O,0.4010309227553837,0,0,0.5,True,,59.068,-0.5084000000000002,1,1,True,,0,43.09,green,yellow,green,yellow,5.513006662368775,5.337571620941162,1.8347076618525973,True,-3.323,0.17543504142761268,0.2521677770614625,0.9072547042386003,0.0,0.9122824792861937,0.5143473340537176
COCCCNC=O,0.3987310962688407,0,0,0.8,True,,117.148,-0.2311,1,2,True,,5,38.33,green,yellow,green,green,5.480818014621734,5.551884174346924,2.449619519126108,True,-4.143,0.07106615972518959,0.24680300243695572,0.8389311645415436,0.017874999999999974,0.9644669201374052,0.506127453710598
CCOC,0.4315009980580737,0,0,1.0,True,,60.096,0.6527000000000001,0,1,True,,1,9.23,green,yellow,green,green,5.084470042228698,5.251649856567383,1.9457076618525944,False,-2.808,0.16717981433868445,0.18074500703811638,0.8949213709052672,0.0,0.9164100928306578,0.5052161075730572
Cc1ccco1,0.4628605847396023,1,1,0.2,True,,82.102,1.58802,0,1,True,,0,13.14,green,yellow,green,green,5.100820032119751,5.191647529602051,2.743033715706975,False,-4.347,0.09082749748229979,0.18347000535329183,0.8063295871436694,0.04337500000000005,0.9545862512588501,0.5036857317303037
Cc1ccc(NC(=O)C23COCC=C2C2=CC=CC(=CN=CCO3)C(=O)CO2)c(Cl)c1,0.7620749812802006,5,1,0.2608695652173913,True,,440.88300000000015,3.3066200000000023,1,6,True,,2,86.22000000000001,green,green,green,green,6.773661330540976,7.553560256958008,5.473522507550794,True,-3.699,0.7798989264170322,0.46227688842349596,0.5029419436054673,0.0,0.6100505367914839,0.5002171894248387
O=C1C=CC(NC=CC(F)OCc2ccccc2)C(=O)c2ccccc2C=CC=CCN1,0.7210807614166322,3,2,0.1538461538461538,True,,432.4950000000001,4.109000000000004,2,4,True,,6,67.42999999999999,green,green,green,green,5.9060600066185,6.556976795196533,4.59300392034649,True,-2.811,0.6509167885780336,0.31767666776974995,0.6007773421837233,0.0,0.6745416057109832,0.49518110031068635
